# This file is brought to you by Roblox Corporation
# Generated by Roblox Studio

mtllib rObby.mtl

g Part1

v -1518.71 200.372 149.178 1 1 1 1 
v -1518.71 200.372 148.178 1 1 1 1 
v -1518.71 197.372 149.178 1 1 1 1 
v -1518.71 197.372 148.178 1 1 1 1 
v -1517.71 200.372 148.178 1 1 1 1 
v -1518.71 200.372 148.178 1 1 1 1 
v -1517.71 200.372 149.178 1 1 1 1 
v -1518.71 200.372 149.178 1 1 1 1 
v -1518.71 200.372 148.178 1 1 1 1 
v -1517.71 200.372 148.178 1 1 1 1 
v -1518.71 197.372 148.178 1 1 1 1 
v -1517.71 197.372 148.178 1 1 1 1 
v -1517.71 200.372 148.178 1 1 1 1 
v -1517.71 200.372 149.178 1 1 1 1 
v -1517.71 197.372 148.178 1 1 1 1 
v -1517.71 197.372 149.178 1 1 1 1 
v -1517.71 197.372 149.178 1 1 1 1 
v -1518.71 197.372 149.178 1 1 1 1 
v -1517.71 197.372 148.178 1 1 1 1 
v -1518.71 197.372 148.178 1 1 1 1 
v -1517.71 200.372 149.178 1 1 1 1 
v -1518.71 200.372 149.178 1 1 1 1 
v -1517.71 197.372 149.178 1 1 1 1 
v -1518.71 197.372 149.178 1 1 1 1 

vn -1 0 0 
vn -1 0 0 
vn -1 0 0 
vn -1 0 0 
vn 0 1 0 
vn 0 1 0 
vn 0 1 0 
vn 0 1 0 
vn 0 0 -1 
vn 0 0 -1 
vn 0 0 -1 
vn 0 0 -1 
vn 1 0 0 
vn 1 0 0 
vn 1 0 0 
vn 1 0 0 
vn 0 -1 0 
vn 0 -1 0 
vn 0 -1 0 
vn 0 -1 0 
vn 0 0 1 
vn 0 0 1 
vn 0 0 1 
vn 0 0 1 

vt 2.125 -1 
vt 2 -1 
vt 2.125 -1.375 
vt 2 -1.375 
vt 2.12497 -1 
vt 2 -1 
vt 2.12497 -1.125 
vt 2 -1.125 
vt 2.12497 -1 
vt 2 -1 
vt 2.12497 -1.375 
vt 2 -1.375 
vt 2.125 -1 
vt 2 -1 
vt 2.125 -1.375 
vt 2 -1.375 
vt 2.12497 -1 
vt 2 -1 
vt 2.12497 -1.125 
vt 2 -1.125 
vt 2.12497 -1 
vt 2 -1 
vt 2.12497 -1.375 
vt 2 -1.375 

usemtl Part1Mtl

f 1/1/1 2/2/2 3/3/3 
f 3/3/3 2/2/2 4/4/4 
f 5/5/5 6/6/6 7/7/7 
f 7/7/7 6/6/6 8/8/8 
f 9/9/9 10/10/10 11/11/11 
f 11/11/11 10/10/10 12/12/12 
f 13/13/13 14/14/14 15/15/15 
f 15/15/15 14/14/14 16/16/16 
f 17/17/17 18/18/18 19/19/19 
f 19/19/19 18/18/18 20/20/20 
f 21/21/21 22/22/22 23/23/23 
f 23/23/23 22/22/22 24/24/24 

g Part2

v -1518.58 197.372 146.586 1 1 1 1 
v -1521.52 197.372 142.541 1 1 1 1 
v -1518.58 196.372 146.586 1 1 1 1 
v -1521.52 196.372 142.541 1 1 1 1 
v -1520.71 197.372 141.953 1 1 1 1 
v -1521.52 197.372 142.541 1 1 1 1 
v -1517.77 197.372 145.998 1 1 1 1 
v -1518.58 197.372 146.586 1 1 1 1 
v -1521.52 197.372 142.541 1 1 1 1 
v -1520.71 197.372 141.953 1 1 1 1 
v -1521.52 196.372 142.541 1 1 1 1 
v -1520.71 196.372 141.953 1 1 1 1 
v -1520.71 197.372 141.953 1 1 1 1 
v -1517.77 197.372 145.998 1 1 1 1 
v -1520.71 196.372 141.953 1 1 1 1 
v -1517.77 196.372 145.998 1 1 1 1 
v -1517.77 196.372 145.998 1 1 1 1 
v -1518.58 196.372 146.586 1 1 1 1 
v -1520.71 196.372 141.953 1 1 1 1 
v -1521.52 196.372 142.541 1 1 1 1 
v -1517.77 197.372 145.998 1 1 1 1 
v -1518.58 197.372 146.586 1 1 1 1 
v -1517.77 196.372 145.998 1 1 1 1 
v -1518.58 196.372 146.586 1 1 1 1 

vn -0.811024 0 0.590551 
vn -0.811024 0 0.590551 
vn -0.811024 0 0.590551 
vn -0.811024 0 0.590551 
vn 0 1 0 
vn 0 1 0 
vn 0 1 0 
vn 0 1 0 
vn -0.590551 0 -0.811024 
vn -0.590551 0 -0.811024 
vn -0.590551 0 -0.811024 
vn -0.590551 0 -0.811024 
vn 0.811024 0 -0.590551 
vn 0.811024 0 -0.590551 
vn 0.811024 0 -0.590551 
vn 0.811024 0 -0.590551 
vn 0 -1 0 
vn 0 -1 0 
vn 0 -1 0 
vn 0 -1 0 
vn 0.590551 0 0.811024 
vn 0.590551 0 0.811024 
vn 0.590551 0 0.811024 
vn 0.590551 0 0.811024 

vt 4.625 -5 
vt 4 -5 
vt 4.625 -5.125 
vt 4 -5.125 
vt 4.12497 -5 
vt 4 -5 
vt 4.12497 -5.625 
vt 4 -5.625 
vt 4.12497 -5 
vt 4 -5 
vt 4.12497 -5.125 
vt 4 -5.125 
vt 4.625 -5 
vt 4 -5 
vt 4.625 -5.125 
vt 4 -5.125 
vt 4.12497 -5 
vt 4 -5 
vt 4.12497 -5.625 
vt 4 -5.625 
vt 4.12497 -5 
vt 4 -5 
vt 4.12497 -5.125 
vt 4 -5.125 

usemtl Part1Mtl

f 25/25/25 26/26/26 27/27/27 
f 27/27/27 26/26/26 28/28/28 
f 29/29/29 30/30/30 31/31/31 
f 31/31/31 30/30/30 32/32/32 
f 33/33/33 34/34/34 35/35/35 
f 35/35/35 34/34/34 36/36/36 
f 37/37/37 38/38/38 39/39/39 
f 39/39/39 38/38/38 40/40/40 
f 41/41/41 42/42/42 43/43/43 
f 43/43/43 42/42/42 44/44/44 
f 45/45/45 46/46/46 47/47/47 
f 47/47/47 46/46/46 48/48/48 

g Part3

v -1518.71 197.372 151.178 1 1 1 1 
v -1518.71 197.372 146.178 1 1 1 1 
v -1518.71 196.372 151.178 1 1 1 1 
v -1518.71 196.372 146.178 1 1 1 1 
v -1517.71 197.372 146.178 1 1 1 1 
v -1518.71 197.372 146.178 1 1 1 1 
v -1517.71 197.372 151.178 1 1 1 1 
v -1518.71 197.372 151.178 1 1 1 1 
v -1518.71 197.372 146.178 1 1 1 1 
v -1517.71 197.372 146.178 1 1 1 1 
v -1518.71 196.372 146.178 1 1 1 1 
v -1517.71 196.372 146.178 1 1 1 1 
v -1517.71 197.372 146.178 1 1 1 1 
v -1517.71 197.372 151.178 1 1 1 1 
v -1517.71 196.372 146.178 1 1 1 1 
v -1517.71 196.372 151.178 1 1 1 1 
v -1517.71 196.372 151.178 1 1 1 1 
v -1518.71 196.372 151.178 1 1 1 1 
v -1517.71 196.372 146.178 1 1 1 1 
v -1518.71 196.372 146.178 1 1 1 1 
v -1517.71 197.372 151.178 1 1 1 1 
v -1518.71 197.372 151.178 1 1 1 1 
v -1517.71 196.372 151.178 1 1 1 1 
v -1518.71 196.372 151.178 1 1 1 1 

vn -1 0 0 
vn -1 0 0 
vn -1 0 0 
vn -1 0 0 
vn 0 1 0 
vn 0 1 0 
vn 0 1 0 
vn 0 1 0 
vn 0 0 -1 
vn 0 0 -1 
vn 0 0 -1 
vn 0 0 -1 
vn 1 0 0 
vn 1 0 0 
vn 1 0 0 
vn 1 0 0 
vn 0 -1 0 
vn 0 -1 0 
vn 0 -1 0 
vn 0 -1 0 
vn 0 0 1 
vn 0 0 1 
vn 0 0 1 
vn 0 0 1 

vt 2.875 0.75 
vt 2.25 0.75 
vt 2.875 0.625002 
vt 2.25 0.625002 
vt 2.37497 0.75 
vt 2.25 0.75 
vt 2.37497 0.125 
vt 2.25 0.125 
vt 2.37497 0.75 
vt 2.25 0.75 
vt 2.37497 0.625002 
vt 2.25 0.625002 
vt 2.875 0.75 
vt 2.25 0.75 
vt 2.875 0.625002 
vt 2.25 0.625002 
vt 2.37497 0.75 
vt 2.25 0.75 
vt 2.37497 0.125 
vt 2.25 0.125 
vt 2.37497 0.75 
vt 2.25 0.75 
vt 2.37497 0.625002 
vt 2.25 0.625002 

usemtl Part1Mtl

f 49/49/49 50/50/50 51/51/51 
f 51/51/51 50/50/50 52/52/52 
f 53/53/53 54/54/54 55/55/55 
f 55/55/55 54/54/54 56/56/56 
f 57/57/57 58/58/58 59/59/59 
f 59/59/59 58/58/58 60/60/60 
f 61/61/61 62/62/62 63/63/63 
f 63/63/63 62/62/62 64/64/64 
f 65/65/65 66/66/66 67/67/67 
f 67/67/67 66/66/66 68/68/68 
f 69/69/69 70/70/70 71/71/71 
f 71/71/71 70/70/70 72/72/72 

g Part4

v -1520.41 200.372 142.667 1 1 1 1 
v -1519.7 200.372 143.374 1 1 1 1 
v -1520.41 184.372 142.667 1 1 1 1 
v -1519.7 184.372 143.374 1 1 1 1 
v -1520.41 200.372 144.081 1 1 1 1 
v -1519.7 200.372 143.374 1 1 1 1 
v -1521.12 200.372 143.374 1 1 1 1 
v -1520.41 200.372 142.667 1 1 1 1 
v -1519.7 200.372 143.374 1 1 1 1 
v -1520.41 200.372 144.081 1 1 1 1 
v -1519.7 184.372 143.374 1 1 1 1 
v -1520.41 184.372 144.081 1 1 1 1 
v -1520.41 200.372 144.081 1 1 1 1 
v -1521.12 200.372 143.374 1 1 1 1 
v -1520.41 184.372 144.081 1 1 1 1 
v -1521.12 184.372 143.374 1 1 1 1 
v -1521.12 184.372 143.374 1 1 1 1 
v -1520.41 184.372 142.667 1 1 1 1 
v -1520.41 184.372 144.081 1 1 1 1 
v -1519.7 184.372 143.374 1 1 1 1 
v -1521.12 200.372 143.374 1 1 1 1 
v -1520.41 200.372 142.667 1 1 1 1 
v -1521.12 184.372 143.374 1 1 1 1 
v -1520.41 184.372 142.667 1 1 1 1 

vn 0.708661 0 -0.708661 
vn 0.708661 0 -0.708661 
vn 0.708661 0 -0.708661 
vn 0.708661 0 -0.708661 
vn 0 1 0 
vn 0 1 0 
vn 0 1 0 
vn 0 1 0 
vn 0.708661 0 0.708661 
vn 0.708661 0 0.708661 
vn 0.708661 0 0.708661 
vn 0.708661 0 0.708661 
vn -0.708661 0 0.708661 
vn -0.708661 0 0.708661 
vn -0.708661 0 0.708661 
vn -0.708661 0 0.708661 
vn 0 -1 0 
vn 0 -1 0 
vn 0 -1 0 
vn 0 -1 0 
vn -0.708661 0 -0.708661 
vn -0.708661 0 -0.708661 
vn -0.708661 0 -0.708661 
vn -0.708661 0 -0.708661 

vt 2.125 -3.25 
vt 2 -3.25 
vt 2.125 -5.25 
vt 2 -5.25 
vt 2.12497 -3.25 
vt 2 -3.25 
vt 2.12497 -3.375 
vt 2 -3.375 
vt 2.12497 -3.25 
vt 2 -3.25 
vt 2.12497 -5.25 
vt 2 -5.25 
vt 2.125 -3.25 
vt 2 -3.25 
vt 2.125 -5.25 
vt 2 -5.25 
vt 2.12497 -3.25 
vt 2 -3.25 
vt 2.12497 -3.375 
vt 2 -3.375 
vt 2.12497 -3.25 
vt 2 -3.25 
vt 2.12497 -5.25 
vt 2 -5.25 

usemtl Part1Mtl

f 73/73/73 74/74/74 75/75/75 
f 75/75/75 74/74/74 76/76/76 
f 77/77/77 78/78/78 79/79/79 
f 79/79/79 78/78/78 80/80/80 
f 81/81/81 82/82/82 83/83/83 
f 83/83/83 82/82/82 84/84/84 
f 85/85/85 86/86/86 87/87/87 
f 87/87/87 86/86/86 88/88/88 
f 89/89/89 90/90/90 91/91/91 
f 91/91/91 90/90/90 92/92/92 
f 93/93/93 94/94/94 95/95/95 
f 95/95/95 94/94/94 96/96/96 

g Part5

v -1520.41 200.372 142.667 1 1 1 1 
v -1519.7 200.372 143.374 1 1 1 1 
v -1520.41 184.372 142.667 1 1 1 1 
v -1519.7 184.372 143.374 1 1 1 1 
v -1520.41 200.372 144.081 1 1 1 1 
v -1519.7 200.372 143.374 1 1 1 1 
v -1521.12 200.372 143.374 1 1 1 1 
v -1520.41 200.372 142.667 1 1 1 1 
v -1519.7 200.372 143.374 1 1 1 1 
v -1520.41 200.372 144.081 1 1 1 1 
v -1519.7 184.372 143.374 1 1 1 1 
v -1520.41 184.372 144.081 1 1 1 1 
v -1520.41 200.372 144.081 1 1 1 1 
v -1521.12 200.372 143.374 1 1 1 1 
v -1520.41 184.372 144.081 1 1 1 1 
v -1521.12 184.372 143.374 1 1 1 1 
v -1521.12 184.372 143.374 1 1 1 1 
v -1520.41 184.372 142.667 1 1 1 1 
v -1520.41 184.372 144.081 1 1 1 1 
v -1519.7 184.372 143.374 1 1 1 1 
v -1521.12 200.372 143.374 1 1 1 1 
v -1520.41 200.372 142.667 1 1 1 1 
v -1521.12 184.372 143.374 1 1 1 1 
v -1520.41 184.372 142.667 1 1 1 1 

vn 0.708661 0 -0.708661 
vn 0.708661 0 -0.708661 
vn 0.708661 0 -0.708661 
vn 0.708661 0 -0.708661 
vn 0 1 0 
vn 0 1 0 
vn 0 1 0 
vn 0 1 0 
vn 0.708661 0 0.708661 
vn 0.708661 0 0.708661 
vn 0.708661 0 0.708661 
vn 0.708661 0 0.708661 
vn -0.708661 0 0.708661 
vn -0.708661 0 0.708661 
vn -0.708661 0 0.708661 
vn -0.708661 0 0.708661 
vn 0 -1 0 
vn 0 -1 0 
vn 0 -1 0 
vn 0 -1 0 
vn -0.708661 0 -0.708661 
vn -0.708661 0 -0.708661 
vn -0.708661 0 -0.708661 
vn -0.708661 0 -0.708661 

vt 3.375 -2 
vt 3.25 -2 
vt 3.375 -4 
vt 3.25 -4 
vt 3.37497 -2 
vt 3.25 -2 
vt 3.37497 -2.125 
vt 3.25 -2.125 
vt 3.37497 -2 
vt 3.25 -2 
vt 3.37497 -4 
vt 3.25 -4 
vt 3.375 -2 
vt 3.25 -2 
vt 3.375 -4 
vt 3.25 -4 
vt 3.37497 -2 
vt 3.25 -2 
vt 3.37497 -2.125 
vt 3.25 -2.125 
vt 3.37497 -2 
vt 3.25 -2 
vt 3.37497 -4 
vt 3.25 -4 

usemtl Part1Mtl

f 97/97/97 98/98/98 99/99/99 
f 99/99/99 98/98/98 100/100/100 
f 101/101/101 102/102/102 103/103/103 
f 103/103/103 102/102/102 104/104/104 
f 105/105/105 106/106/106 107/107/107 
f 107/107/107 106/106/106 108/108/108 
f 109/109/109 110/110/110 111/111/111 
f 111/111/111 110/110/110 112/112/112 
f 113/113/113 114/114/114 115/115/115 
f 115/115/115 114/114/114 116/116/116 
f 117/117/117 118/118/118 119/119/119 
f 119/119/119 118/118/118 120/120/120 

g Part6

v -1519.58 197.372 144.484 1 1 1 1 
v -1523.62 197.372 141.545 1 1 1 1 
v -1519.58 196.372 144.484 1 1 1 1 
v -1523.62 196.372 141.545 1 1 1 1 
v -1523.03 197.372 140.736 1 1 1 1 
v -1523.62 197.372 141.545 1 1 1 1 
v -1518.99 197.372 143.675 1 1 1 1 
v -1519.58 197.372 144.484 1 1 1 1 
v -1523.62 197.372 141.545 1 1 1 1 
v -1523.03 197.372 140.736 1 1 1 1 
v -1523.62 196.372 141.545 1 1 1 1 
v -1523.03 196.372 140.736 1 1 1 1 
v -1523.03 197.372 140.736 1 1 1 1 
v -1518.99 197.372 143.675 1 1 1 1 
v -1523.03 196.372 140.736 1 1 1 1 
v -1518.99 196.372 143.675 1 1 1 1 
v -1518.99 196.372 143.675 1 1 1 1 
v -1519.58 196.372 144.484 1 1 1 1 
v -1523.03 196.372 140.736 1 1 1 1 
v -1523.62 196.372 141.545 1 1 1 1 
v -1518.99 197.372 143.675 1 1 1 1 
v -1519.58 197.372 144.484 1 1 1 1 
v -1518.99 196.372 143.675 1 1 1 1 
v -1519.58 196.372 144.484 1 1 1 1 

vn -0.590551 0 0.811024 
vn -0.590551 0 0.811024 
vn -0.590551 0 0.811024 
vn -0.590551 0 0.811024 
vn 0 1 0 
vn 0 1 0 
vn 0 1 0 
vn 0 1 0 
vn -0.811024 0 -0.590551 
vn -0.811024 0 -0.590551 
vn -0.811024 0 -0.590551 
vn -0.811024 0 -0.590551 
vn 0.590551 0 -0.811024 
vn 0.590551 0 -0.811024 
vn 0.590551 0 -0.811024 
vn 0.590551 0 -0.811024 
vn 0 -1 0 
vn 0 -1 0 
vn 0 -1 0 
vn 0 -1 0 
vn 0.811024 0 0.590551 
vn 0.811024 0 0.590551 
vn 0.811024 0 0.590551 
vn 0.811024 0 0.590551 

vt 4.875 -4.75 
vt 4.25 -4.75 
vt 4.875 -4.875 
vt 4.25 -4.875 
vt 4.37497 -4.75 
vt 4.25 -4.75 
vt 4.37497 -5.375 
vt 4.25 -5.375 
vt 4.37497 -4.75 
vt 4.25 -4.75 
vt 4.37497 -4.875 
vt 4.25 -4.875 
vt 4.875 -4.75 
vt 4.25 -4.75 
vt 4.875 -4.875 
vt 4.25 -4.875 
vt 4.37497 -4.75 
vt 4.25 -4.75 
vt 4.37497 -5.375 
vt 4.25 -5.375 
vt 4.37497 -4.75 
vt 4.25 -4.75 
vt 4.37497 -4.875 
vt 4.25 -4.875 

usemtl Part1Mtl

f 121/121/121 122/122/122 123/123/123 
f 123/123/123 122/122/122 124/124/124 
f 125/125/125 126/126/126 127/127/127 
f 127/127/127 126/126/126 128/128/128 
f 129/129/129 130/130/130 131/131/131 
f 131/131/131 130/130/130 132/132/132 
f 133/133/133 134/134/134 135/135/135 
f 135/135/135 134/134/134 136/136/136 
f 137/137/137 138/138/138 139/139/139 
f 139/139/139 138/138/138 140/140/140 
f 141/141/141 142/142/142 143/143/143 
f 143/143/143 142/142/142 144/144/144 

g Part7

v -1518.71 188.372 151.178 1 1 1 1 
v -1518.71 188.372 146.178 1 1 1 1 
v -1518.71 187.372 151.178 1 1 1 1 
v -1518.71 187.372 146.178 1 1 1 1 
v -1517.71 188.372 146.178 1 1 1 1 
v -1518.71 188.372 146.178 1 1 1 1 
v -1517.71 188.372 151.178 1 1 1 1 
v -1518.71 188.372 151.178 1 1 1 1 
v -1518.71 188.372 146.178 1 1 1 1 
v -1517.71 188.372 146.178 1 1 1 1 
v -1518.71 187.372 146.178 1 1 1 1 
v -1517.71 187.372 146.178 1 1 1 1 
v -1517.71 188.372 146.178 1 1 1 1 
v -1517.71 188.372 151.178 1 1 1 1 
v -1517.71 187.372 146.178 1 1 1 1 
v -1517.71 187.372 151.178 1 1 1 1 
v -1517.71 187.372 151.178 1 1 1 1 
v -1518.71 187.372 151.178 1 1 1 1 
v -1517.71 187.372 146.178 1 1 1 1 
v -1518.71 187.372 146.178 1 1 1 1 
v -1517.71 188.372 151.178 1 1 1 1 
v -1518.71 188.372 151.178 1 1 1 1 
v -1517.71 187.372 151.178 1 1 1 1 
v -1518.71 187.372 151.178 1 1 1 1 

vn -1 0 0 
vn -1 0 0 
vn -1 0 0 
vn -1 0 0 
vn 0 1 0 
vn 0 1 0 
vn 0 1 0 
vn 0 1 0 
vn 0 0 -1 
vn 0 0 -1 
vn 0 0 -1 
vn 0 0 -1 
vn 1 0 0 
vn 1 0 0 
vn 1 0 0 
vn 1 0 0 
vn 0 -1 0 
vn 0 -1 0 
vn 0 -1 0 
vn 0 -1 0 
vn 0 0 1 
vn 0 0 1 
vn 0 0 1 
vn 0 0 1 

vt 3.875 -5.5 
vt 3.25 -5.5 
vt 3.875 -5.625 
vt 3.25 -5.625 
vt 3.37497 -5.5 
vt 3.25 -5.5 
vt 3.37497 -6.125 
vt 3.25 -6.125 
vt 3.37497 -5.5 
vt 3.25 -5.5 
vt 3.37497 -5.625 
vt 3.25 -5.625 
vt 3.875 -5.5 
vt 3.25 -5.5 
vt 3.875 -5.625 
vt 3.25 -5.625 
vt 3.37497 -5.5 
vt 3.25 -5.5 
vt 3.37497 -6.125 
vt 3.25 -6.125 
vt 3.37497 -5.5 
vt 3.25 -5.5 
vt 3.37497 -5.625 
vt 3.25 -5.625 

usemtl Part1Mtl

f 145/145/145 146/146/146 147/147/147 
f 147/147/147 146/146/146 148/148/148 
f 149/149/149 150/150/150 151/151/151 
f 151/151/151 150/150/150 152/152/152 
f 153/153/153 154/154/154 155/155/155 
f 155/155/155 154/154/154 156/156/156 
f 157/157/157 158/158/158 159/159/159 
f 159/159/159 158/158/158 160/160/160 
f 161/161/161 162/162/162 163/163/163 
f 163/163/163 162/162/162 164/164/164 
f 165/165/165 166/166/166 167/167/167 
f 167/167/167 166/166/166 168/168/168 

g Part8

v -1520.61 197.372 154.083 1 1 1 1 
v -1518.34 197.372 149.628 1 1 1 1 
v -1520.61 196.372 154.083 1 1 1 1 
v -1518.34 196.372 149.628 1 1 1 1 
v -1517.45 197.372 150.082 1 1 1 1 
v -1518.34 197.372 149.628 1 1 1 1 
v -1519.72 197.372 154.537 1 1 1 1 
v -1520.61 197.372 154.083 1 1 1 1 
v -1518.34 197.372 149.628 1 1 1 1 
v -1517.45 197.372 150.082 1 1 1 1 
v -1518.34 196.372 149.628 1 1 1 1 
v -1517.45 196.372 150.082 1 1 1 1 
v -1517.45 197.372 150.082 1 1 1 1 
v -1519.72 197.372 154.537 1 1 1 1 
v -1517.45 196.372 150.082 1 1 1 1 
v -1519.72 196.372 154.537 1 1 1 1 
v -1519.72 196.372 154.537 1 1 1 1 
v -1520.61 196.372 154.083 1 1 1 1 
v -1517.45 196.372 150.082 1 1 1 1 
v -1518.34 196.372 149.628 1 1 1 1 
v -1519.72 197.372 154.537 1 1 1 1 
v -1520.61 197.372 154.083 1 1 1 1 
v -1519.72 196.372 154.537 1 1 1 1 
v -1520.61 196.372 154.083 1 1 1 1 

vn -0.889764 0 -0.456693 
vn -0.889764 0 -0.456693 
vn -0.889764 0 -0.456693 
vn -0.889764 0 -0.456693 
vn 0 1 0 
vn 0 1 0 
vn 0 1 0 
vn 0 1 0 
vn 0.456693 0 -0.889764 
vn 0.456693 0 -0.889764 
vn 0.456693 0 -0.889764 
vn 0.456693 0 -0.889764 
vn 0.889764 0 0.456693 
vn 0.889764 0 0.456693 
vn 0.889764 0 0.456693 
vn 0.889764 0 0.456693 
vn 0 -1 0 
vn 0 -1 0 
vn 0 -1 0 
vn 0 -1 0 
vn -0.456693 0 0.889764 
vn -0.456693 0 0.889764 
vn -0.456693 0 0.889764 
vn -0.456693 0 0.889764 

vt 0.625 -3.25 
vt 0 -3.25 
vt 0.625 -3.375 
vt 0 -3.375 
vt 0.124969 -3.25 
vt 0 -3.25 
vt 0.124969 -3.875 
vt 0 -3.875 
vt 0.124969 -3.25 
vt 0 -3.25 
vt 0.124969 -3.375 
vt 0 -3.375 
vt 0.625 -3.25 
vt 0 -3.25 
vt 0.625 -3.375 
vt 0 -3.375 
vt 0.124969 -3.25 
vt 0 -3.25 
vt 0.124969 -3.875 
vt 0 -3.875 
vt 0.124969 -3.25 
vt 0 -3.25 
vt 0.124969 -3.375 
vt 0 -3.375 

usemtl Part1Mtl

f 169/169/169 170/170/170 171/171/171 
f 171/171/171 170/170/170 172/172/172 
f 173/173/173 174/174/174 175/175/175 
f 175/175/175 174/174/174 176/176/176 
f 177/177/177 178/178/178 179/179/179 
f 179/179/179 178/178/178 180/180/180 
f 181/181/181 182/182/182 183/183/183 
f 183/183/183 182/182/182 184/184/184 
f 185/185/185 186/186/186 187/187/187 
f 187/187/187 186/186/186 188/188/188 
f 189/189/189 190/190/190 191/191/191 
f 191/191/191 190/190/190 192/192/192 

g Part9

v -1519.58 188.372 144.484 1 1 1 1 
v -1523.62 188.372 141.545 1 1 1 1 
v -1519.58 187.372 144.484 1 1 1 1 
v -1523.62 187.372 141.545 1 1 1 1 
v -1523.03 188.372 140.736 1 1 1 1 
v -1523.62 188.372 141.545 1 1 1 1 
v -1518.99 188.372 143.675 1 1 1 1 
v -1519.58 188.372 144.484 1 1 1 1 
v -1523.62 188.372 141.545 1 1 1 1 
v -1523.03 188.372 140.736 1 1 1 1 
v -1523.62 187.372 141.545 1 1 1 1 
v -1523.03 187.372 140.736 1 1 1 1 
v -1523.03 188.372 140.736 1 1 1 1 
v -1518.99 188.372 143.675 1 1 1 1 
v -1523.03 187.372 140.736 1 1 1 1 
v -1518.99 187.372 143.675 1 1 1 1 
v -1518.99 187.372 143.675 1 1 1 1 
v -1519.58 187.372 144.484 1 1 1 1 
v -1523.03 187.372 140.736 1 1 1 1 
v -1523.62 187.372 141.545 1 1 1 1 
v -1518.99 188.372 143.675 1 1 1 1 
v -1519.58 188.372 144.484 1 1 1 1 
v -1518.99 187.372 143.675 1 1 1 1 
v -1519.58 187.372 144.484 1 1 1 1 

vn -0.590551 0 0.811024 
vn -0.590551 0 0.811024 
vn -0.590551 0 0.811024 
vn -0.590551 0 0.811024 
vn 0 1 0 
vn 0 1 0 
vn 0 1 0 
vn 0 1 0 
vn -0.811024 0 -0.590551 
vn -0.811024 0 -0.590551 
vn -0.811024 0 -0.590551 
vn -0.811024 0 -0.590551 
vn 0.590551 0 -0.811024 
vn 0.590551 0 -0.811024 
vn 0.590551 0 -0.811024 
vn 0.590551 0 -0.811024 
vn 0 -1 0 
vn 0 -1 0 
vn 0 -1 0 
vn 0 -1 0 
vn 0.811024 0 0.590551 
vn 0.811024 0 0.590551 
vn 0.811024 0 0.590551 
vn 0.811024 0 0.590551 

vt 0.875 -0.25 
vt 0.25 -0.25 
vt 0.875 -0.374998 
vt 0.25 -0.374998 
vt 0.374969 -0.25 
vt 0.25 -0.25 
vt 0.374969 -0.875 
vt 0.25 -0.875 
vt 0.374969 -0.25 
vt 0.25 -0.25 
vt 0.374969 -0.374998 
vt 0.25 -0.374998 
vt 0.875 -0.25 
vt 0.25 -0.25 
vt 0.875 -0.374998 
vt 0.25 -0.374998 
vt 0.374969 -0.25 
vt 0.25 -0.25 
vt 0.374969 -0.875 
vt 0.25 -0.875 
vt 0.374969 -0.25 
vt 0.25 -0.25 
vt 0.374969 -0.374998 
vt 0.25 -0.374998 

usemtl Part1Mtl

f 193/193/193 194/194/194 195/195/195 
f 195/195/195 194/194/194 196/196/196 
f 197/197/197 198/198/198 199/199/199 
f 199/199/199 198/198/198 200/200/200 
f 201/201/201 202/202/202 203/203/203 
f 203/203/203 202/202/202 204/204/204 
f 205/205/205 206/206/206 207/207/207 
f 207/207/207 206/206/206 208/208/208 
f 209/209/209 210/210/210 211/211/211 
f 211/211/211 210/210/210 212/212/212 
f 213/213/213 214/214/214 215/215/215 
f 215/215/215 214/214/214 216/216/216 

g Part10

v -1518.58 188.372 146.586 1 1 1 1 
v -1521.52 188.372 142.541 1 1 1 1 
v -1518.58 187.372 146.586 1 1 1 1 
v -1521.52 187.372 142.541 1 1 1 1 
v -1520.71 188.372 141.953 1 1 1 1 
v -1521.52 188.372 142.541 1 1 1 1 
v -1517.77 188.372 145.998 1 1 1 1 
v -1518.58 188.372 146.586 1 1 1 1 
v -1521.52 188.372 142.541 1 1 1 1 
v -1520.71 188.372 141.953 1 1 1 1 
v -1521.52 187.372 142.541 1 1 1 1 
v -1520.71 187.372 141.953 1 1 1 1 
v -1520.71 188.372 141.953 1 1 1 1 
v -1517.77 188.372 145.998 1 1 1 1 
v -1520.71 187.372 141.953 1 1 1 1 
v -1517.77 187.372 145.998 1 1 1 1 
v -1517.77 187.372 145.998 1 1 1 1 
v -1518.58 187.372 146.586 1 1 1 1 
v -1520.71 187.372 141.953 1 1 1 1 
v -1521.52 187.372 142.541 1 1 1 1 
v -1517.77 188.372 145.998 1 1 1 1 
v -1518.58 188.372 146.586 1 1 1 1 
v -1517.77 187.372 145.998 1 1 1 1 
v -1518.58 187.372 146.586 1 1 1 1 

vn -0.811024 0 0.590551 
vn -0.811024 0 0.590551 
vn -0.811024 0 0.590551 
vn -0.811024 0 0.590551 
vn 0 1 0 
vn 0 1 0 
vn 0 1 0 
vn 0 1 0 
vn -0.590551 0 -0.811024 
vn -0.590551 0 -0.811024 
vn -0.590551 0 -0.811024 
vn -0.590551 0 -0.811024 
vn 0.811024 0 -0.590551 
vn 0.811024 0 -0.590551 
vn 0.811024 0 -0.590551 
vn 0.811024 0 -0.590551 
vn 0 -1 0 
vn 0 -1 0 
vn 0 -1 0 
vn 0 -1 0 
vn 0.590551 0 0.811024 
vn 0.590551 0 0.811024 
vn 0.590551 0 0.811024 
vn 0.590551 0 0.811024 

vt 3.875 0.25 
vt 3.25 0.25 
vt 3.875 0.125002 
vt 3.25 0.125002 
vt 3.37497 0.25 
vt 3.25 0.25 
vt 3.37497 -0.375 
vt 3.25 -0.375 
vt 3.37497 0.25 
vt 3.25 0.25 
vt 3.37497 0.125002 
vt 3.25 0.125002 
vt 3.875 0.25 
vt 3.25 0.25 
vt 3.875 0.125002 
vt 3.25 0.125002 
vt 3.37497 0.25 
vt 3.25 0.25 
vt 3.37497 -0.375 
vt 3.25 -0.375 
vt 3.37497 0.25 
vt 3.25 0.25 
vt 3.37497 0.125002 
vt 3.25 0.125002 

usemtl Part1Mtl

f 217/217/217 218/218/218 219/219/219 
f 219/219/219 218/218/218 220/220/220 
f 221/221/221 222/222/222 223/223/223 
f 223/223/223 222/222/222 224/224/224 
f 225/225/225 226/226/226 227/227/227 
f 227/227/227 226/226/226 228/228/228 
f 229/229/229 230/230/230 231/231/231 
f 231/231/231 230/230/230 232/232/232 
f 233/233/233 234/234/234 235/235/235 
f 235/235/235 234/234/234 236/236/236 
f 237/237/237 238/238/238 239/239/239 
f 239/239/239 238/238/238 240/240/240 

g Part11

v -1521.12 200.372 153.981 1 1 1 1 
v -1520.41 200.372 153.274 1 1 1 1 
v -1521.12 184.372 153.981 1 1 1 1 
v -1520.41 184.372 153.274 1 1 1 1 
v -1519.7 200.372 153.981 1 1 1 1 
v -1520.41 200.372 153.274 1 1 1 1 
v -1520.41 200.372 154.688 1 1 1 1 
v -1521.12 200.372 153.981 1 1 1 1 
v -1520.41 200.372 153.274 1 1 1 1 
v -1519.7 200.372 153.981 1 1 1 1 
v -1520.41 184.372 153.274 1 1 1 1 
v -1519.7 184.372 153.981 1 1 1 1 
v -1519.7 200.372 153.981 1 1 1 1 
v -1520.41 200.372 154.688 1 1 1 1 
v -1519.7 184.372 153.981 1 1 1 1 
v -1520.41 184.372 154.688 1 1 1 1 
v -1520.41 184.372 154.688 1 1 1 1 
v -1521.12 184.372 153.981 1 1 1 1 
v -1519.7 184.372 153.981 1 1 1 1 
v -1520.41 184.372 153.274 1 1 1 1 
v -1520.41 200.372 154.688 1 1 1 1 
v -1521.12 200.372 153.981 1 1 1 1 
v -1520.41 184.372 154.688 1 1 1 1 
v -1521.12 184.372 153.981 1 1 1 1 

vn -0.708661 0 -0.708661 
vn -0.708661 0 -0.708661 
vn -0.708661 0 -0.708661 
vn -0.708661 0 -0.708661 
vn 0 1 0 
vn 0 1 0 
vn 0 1 0 
vn 0 1 0 
vn 0.708661 0 -0.708661 
vn 0.708661 0 -0.708661 
vn 0.708661 0 -0.708661 
vn 0.708661 0 -0.708661 
vn 0.708661 0 0.708661 
vn 0.708661 0 0.708661 
vn 0.708661 0 0.708661 
vn 0.708661 0 0.708661 
vn 0 -1 0 
vn 0 -1 0 
vn 0 -1 0 
vn 0 -1 0 
vn -0.708661 0 0.708661 
vn -0.708661 0 0.708661 
vn -0.708661 0 0.708661 
vn -0.708661 0 0.708661 

vt 2.625 -2.75 
vt 2.5 -2.75 
vt 2.625 -4.75 
vt 2.5 -4.75 
vt 2.62497 -2.75 
vt 2.5 -2.75 
vt 2.62497 -2.875 
vt 2.5 -2.875 
vt 2.62497 -2.75 
vt 2.5 -2.75 
vt 2.62497 -4.75 
vt 2.5 -4.75 
vt 2.625 -2.75 
vt 2.5 -2.75 
vt 2.625 -4.75 
vt 2.5 -4.75 
vt 2.62497 -2.75 
vt 2.5 -2.75 
vt 2.62497 -2.875 
vt 2.5 -2.875 
vt 2.62497 -2.75 
vt 2.5 -2.75 
vt 2.62497 -4.75 
vt 2.5 -4.75 

usemtl Part1Mtl

f 241/241/241 242/242/242 243/243/243 
f 243/243/243 242/242/242 244/244/244 
f 245/245/245 246/246/246 247/247/247 
f 247/247/247 246/246/246 248/248/248 
f 249/249/249 250/250/250 251/251/251 
f 251/251/251 250/250/250 252/252/252 
f 253/253/253 254/254/254 255/255/255 
f 255/255/255 254/254/254 256/256/256 
f 257/257/257 258/258/258 259/259/259 
f 259/259/259 258/258/258 260/260/260 
f 261/261/261 262/262/262 263/263/263 
f 263/263/263 262/262/262 264/264/264 

g Part12

v -1518.71 187.372 149.178 1 1 1 1 
v -1518.71 187.372 148.178 1 1 1 1 
v -1518.71 184.372 149.178 1 1 1 1 
v -1518.71 184.372 148.178 1 1 1 1 
v -1517.71 187.372 148.178 1 1 1 1 
v -1518.71 187.372 148.178 1 1 1 1 
v -1517.71 187.372 149.178 1 1 1 1 
v -1518.71 187.372 149.178 1 1 1 1 
v -1518.71 187.372 148.178 1 1 1 1 
v -1517.71 187.372 148.178 1 1 1 1 
v -1518.71 184.372 148.178 1 1 1 1 
v -1517.71 184.372 148.178 1 1 1 1 
v -1517.71 187.372 148.178 1 1 1 1 
v -1517.71 187.372 149.178 1 1 1 1 
v -1517.71 184.372 148.178 1 1 1 1 
v -1517.71 184.372 149.178 1 1 1 1 
v -1517.71 184.372 149.178 1 1 1 1 
v -1518.71 184.372 149.178 1 1 1 1 
v -1517.71 184.372 148.178 1 1 1 1 
v -1518.71 184.372 148.178 1 1 1 1 
v -1517.71 187.372 149.178 1 1 1 1 
v -1518.71 187.372 149.178 1 1 1 1 
v -1517.71 184.372 149.178 1 1 1 1 
v -1518.71 184.372 149.178 1 1 1 1 

vn -1 0 0 
vn -1 0 0 
vn -1 0 0 
vn -1 0 0 
vn 0 1 0 
vn 0 1 0 
vn 0 1 0 
vn 0 1 0 
vn 0 0 -1 
vn 0 0 -1 
vn 0 0 -1 
vn 0 0 -1 
vn 1 0 0 
vn 1 0 0 
vn 1 0 0 
vn 1 0 0 
vn 0 -1 0 
vn 0 -1 0 
vn 0 -1 0 
vn 0 -1 0 
vn 0 0 1 
vn 0 0 1 
vn 0 0 1 
vn 0 0 1 

vt 2.625 -2.25 
vt 2.5 -2.25 
vt 2.625 -2.625 
vt 2.5 -2.625 
vt 2.62497 -2.25 
vt 2.5 -2.25 
vt 2.62497 -2.375 
vt 2.5 -2.375 
vt 2.62497 -2.25 
vt 2.5 -2.25 
vt 2.62497 -2.625 
vt 2.5 -2.625 
vt 2.625 -2.25 
vt 2.5 -2.25 
vt 2.625 -2.625 
vt 2.5 -2.625 
vt 2.62497 -2.25 
vt 2.5 -2.25 
vt 2.62497 -2.375 
vt 2.5 -2.375 
vt 2.62497 -2.25 
vt 2.5 -2.25 
vt 2.62497 -2.625 
vt 2.5 -2.625 

usemtl Part1Mtl

f 265/265/265 266/266/266 267/267/267 
f 267/267/267 266/266/266 268/268/268 
f 269/269/269 270/270/270 271/271/271 
f 271/271/271 270/270/270 272/272/272 
f 273/273/273 274/274/274 275/275/275 
f 275/275/275 274/274/274 276/276/276 
f 277/277/277 278/278/278 279/279/279 
f 279/279/279 278/278/278 280/280/280 
f 281/281/281 282/282/282 283/283/283 
f 283/283/283 282/282/282 284/284/284 
f 285/285/285 286/286/286 287/287/287 
f 287/287/287 286/286/286 288/288/288 

g Part13

v -1526.21 200.372 155.678 1 1 1 1 
v -1525.21 200.372 155.678 1 1 1 1 
v -1526.21 184.372 155.678 1 1 1 1 
v -1525.21 184.372 155.678 1 1 1 1 
v -1525.21 200.372 156.678 1 1 1 1 
v -1525.21 200.372 155.678 1 1 1 1 
v -1526.21 200.372 156.678 1 1 1 1 
v -1526.21 200.372 155.678 1 1 1 1 
v -1525.21 200.372 155.678 1 1 1 1 
v -1525.21 200.372 156.678 1 1 1 1 
v -1525.21 184.372 155.678 1 1 1 1 
v -1525.21 184.372 156.678 1 1 1 1 
v -1525.21 200.372 156.678 1 1 1 1 
v -1526.21 200.372 156.678 1 1 1 1 
v -1525.21 184.372 156.678 1 1 1 1 
v -1526.21 184.372 156.678 1 1 1 1 
v -1526.21 184.372 156.678 1 1 1 1 
v -1526.21 184.372 155.678 1 1 1 1 
v -1525.21 184.372 156.678 1 1 1 1 
v -1525.21 184.372 155.678 1 1 1 1 
v -1526.21 200.372 156.678 1 1 1 1 
v -1526.21 200.372 155.678 1 1 1 1 
v -1526.21 184.372 156.678 1 1 1 1 
v -1526.21 184.372 155.678 1 1 1 1 

vn 0 0 -1 
vn 0 0 -1 
vn 0 0 -1 
vn 0 0 -1 
vn 0 1 0 
vn 0 1 0 
vn 0 1 0 
vn 0 1 0 
vn 1 0 0 
vn 1 0 0 
vn 1 0 0 
vn 1 0 0 
vn 0 0 1 
vn 0 0 1 
vn 0 0 1 
vn 0 0 1 
vn 0 -1 0 
vn 0 -1 0 
vn 0 -1 0 
vn 0 -1 0 
vn -1 0 0 
vn -1 0 0 
vn -1 0 0 
vn -1 0 0 

vt 5.375 -2.75 
vt 5.25 -2.75 
vt 5.375 -4.75 
vt 5.25 -4.75 
vt 5.37497 -2.75 
vt 5.25 -2.75 
vt 5.37497 -2.875 
vt 5.25 -2.875 
vt 5.37497 -2.75 
vt 5.25 -2.75 
vt 5.37497 -4.75 
vt 5.25 -4.75 
vt 5.375 -2.75 
vt 5.25 -2.75 
vt 5.375 -4.75 
vt 5.25 -4.75 
vt 5.37497 -2.75 
vt 5.25 -2.75 
vt 5.37497 -2.875 
vt 5.25 -2.875 
vt 5.37497 -2.75 
vt 5.25 -2.75 
vt 5.37497 -4.75 
vt 5.25 -4.75 

usemtl Part1Mtl

f 289/289/289 290/290/290 291/291/291 
f 291/291/291 290/290/290 292/292/292 
f 293/293/293 294/294/294 295/295/295 
f 295/295/295 294/294/294 296/296/296 
f 297/297/297 298/298/298 299/299/299 
f 299/299/299 298/298/298 300/300/300 
f 301/301/301 302/302/302 303/303/303 
f 303/303/303 302/302/302 304/304/304 
f 305/305/305 306/306/306 307/307/307 
f 307/307/307 306/306/306 308/308/308 
f 309/309/309 310/310/310 311/311/311 
f 311/311/311 310/310/310 312/312/312 

g Part14

v -1520.61 188.372 154.083 1 1 1 1 
v -1518.34 188.372 149.628 1 1 1 1 
v -1520.61 187.372 154.083 1 1 1 1 
v -1518.34 187.372 149.628 1 1 1 1 
v -1517.45 188.372 150.082 1 1 1 1 
v -1518.34 188.372 149.628 1 1 1 1 
v -1519.72 188.372 154.537 1 1 1 1 
v -1520.61 188.372 154.083 1 1 1 1 
v -1518.34 188.372 149.628 1 1 1 1 
v -1517.45 188.372 150.082 1 1 1 1 
v -1518.34 187.372 149.628 1 1 1 1 
v -1517.45 187.372 150.082 1 1 1 1 
v -1517.45 188.372 150.082 1 1 1 1 
v -1519.72 188.372 154.537 1 1 1 1 
v -1517.45 187.372 150.082 1 1 1 1 
v -1519.72 187.372 154.537 1 1 1 1 
v -1519.72 187.372 154.537 1 1 1 1 
v -1520.61 187.372 154.083 1 1 1 1 
v -1517.45 187.372 150.082 1 1 1 1 
v -1518.34 187.372 149.628 1 1 1 1 
v -1519.72 188.372 154.537 1 1 1 1 
v -1520.61 188.372 154.083 1 1 1 1 
v -1519.72 187.372 154.537 1 1 1 1 
v -1520.61 187.372 154.083 1 1 1 1 

vn -0.889764 0 -0.456693 
vn -0.889764 0 -0.456693 
vn -0.889764 0 -0.456693 
vn -0.889764 0 -0.456693 
vn 0 1 0 
vn 0 1 0 
vn 0 1 0 
vn 0 1 0 
vn 0.456693 0 -0.889764 
vn 0.456693 0 -0.889764 
vn 0.456693 0 -0.889764 
vn 0.456693 0 -0.889764 
vn 0.889764 0 0.456693 
vn 0.889764 0 0.456693 
vn 0.889764 0 0.456693 
vn 0.889764 0 0.456693 
vn 0 -1 0 
vn 0 -1 0 
vn 0 -1 0 
vn 0 -1 0 
vn -0.456693 0 0.889764 
vn -0.456693 0 0.889764 
vn -0.456693 0 0.889764 
vn -0.456693 0 0.889764 

vt 7.625 -0.25 
vt 7 -0.25 
vt 7.625 -0.374998 
vt 7 -0.374998 
vt 7.12497 -0.25 
vt 7 -0.25 
vt 7.12497 -0.875 
vt 7 -0.875 
vt 7.12497 -0.25 
vt 7 -0.25 
vt 7.12497 -0.374998 
vt 7 -0.374998 
vt 7.625 -0.25 
vt 7 -0.25 
vt 7.625 -0.374998 
vt 7 -0.374998 
vt 7.12497 -0.25 
vt 7 -0.25 
vt 7.12497 -0.875 
vt 7 -0.875 
vt 7.12497 -0.25 
vt 7 -0.25 
vt 7.12497 -0.374998 
vt 7 -0.374998 

usemtl Part1Mtl

f 313/313/313 314/314/314 315/315/315 
f 315/315/315 314/314/314 316/316/316 
f 317/317/317 318/318/318 319/319/319 
f 319/319/319 318/318/318 320/320/320 
f 321/321/321 322/322/322 323/323/323 
f 323/323/323 322/322/322 324/324/324 
f 325/325/325 326/326/326 327/327/327 
f 327/327/327 326/326/326 328/328/328 
f 329/329/329 330/330/330 331/331/331 
f 331/331/331 330/330/330 332/332/332 
f 333/333/333 334/334/334 335/335/335 
f 335/335/335 334/334/334 336/336/336 

g Part15

v -1523.21 188.372 156.678 1 1 1 1 
v -1528.21 188.372 156.678 1 1 1 1 
v -1523.21 187.372 156.678 1 1 1 1 
v -1528.21 187.372 156.678 1 1 1 1 
v -1528.21 188.372 155.678 1 1 1 1 
v -1528.21 188.372 156.678 1 1 1 1 
v -1523.21 188.372 155.678 1 1 1 1 
v -1523.21 188.372 156.678 1 1 1 1 
v -1528.21 188.372 156.678 1 1 1 1 
v -1528.21 188.372 155.678 1 1 1 1 
v -1528.21 187.372 156.678 1 1 1 1 
v -1528.21 187.372 155.678 1 1 1 1 
v -1528.21 188.372 155.678 1 1 1 1 
v -1523.21 188.372 155.678 1 1 1 1 
v -1528.21 187.372 155.678 1 1 1 1 
v -1523.21 187.372 155.678 1 1 1 1 
v -1523.21 187.372 155.678 1 1 1 1 
v -1523.21 187.372 156.678 1 1 1 1 
v -1528.21 187.372 155.678 1 1 1 1 
v -1528.21 187.372 156.678 1 1 1 1 
v -1523.21 188.372 155.678 1 1 1 1 
v -1523.21 188.372 156.678 1 1 1 1 
v -1523.21 187.372 155.678 1 1 1 1 
v -1523.21 187.372 156.678 1 1 1 1 

vn 0 0 1 
vn 0 0 1 
vn 0 0 1 
vn 0 0 1 
vn 0 1 0 
vn 0 1 0 
vn 0 1 0 
vn 0 1 0 
vn -1 0 0 
vn -1 0 0 
vn -1 0 0 
vn -1 0 0 
vn 0 0 -1 
vn 0 0 -1 
vn 0 0 -1 
vn 0 0 -1 
vn 0 -1 0 
vn 0 -1 0 
vn 0 -1 0 
vn 0 -1 0 
vn 1 0 0 
vn 1 0 0 
vn 1 0 0 
vn 1 0 0 

vt 2.875 -6.25 
vt 2.25 -6.25 
vt 2.875 -6.375 
vt 2.25 -6.375 
vt 2.37497 -6.25 
vt 2.25 -6.25 
vt 2.37497 -6.875 
vt 2.25 -6.875 
vt 2.37497 -6.25 
vt 2.25 -6.25 
vt 2.37497 -6.375 
vt 2.25 -6.375 
vt 2.875 -6.25 
vt 2.25 -6.25 
vt 2.875 -6.375 
vt 2.25 -6.375 
vt 2.37497 -6.25 
vt 2.25 -6.25 
vt 2.37497 -6.875 
vt 2.25 -6.875 
vt 2.37497 -6.25 
vt 2.25 -6.25 
vt 2.37497 -6.375 
vt 2.25 -6.375 

usemtl Part1Mtl

f 337/337/337 338/338/338 339/339/339 
f 339/339/339 338/338/338 340/340/340 
f 341/341/341 342/342/342 343/343/343 
f 343/343/343 342/342/342 344/344/344 
f 345/345/345 346/346/346 347/347/347 
f 347/347/347 346/346/346 348/348/348 
f 349/349/349 350/350/350 351/351/351 
f 351/351/351 350/350/350 352/352/352 
f 353/353/353 354/354/354 355/355/355 
f 355/355/355 354/354/354 356/356/356 
f 357/357/357 358/358/358 359/359/359 
f 359/359/359 358/358/358 360/360/360 

g Part16

v -1518.99 188.372 153.68 1 1 1 1 
v -1523.03 188.372 156.619 1 1 1 1 
v -1518.99 187.372 153.68 1 1 1 1 
v -1523.03 187.372 156.619 1 1 1 1 
v -1523.62 188.372 155.811 1 1 1 1 
v -1523.03 188.372 156.619 1 1 1 1 
v -1519.58 188.372 152.872 1 1 1 1 
v -1518.99 188.372 153.68 1 1 1 1 
v -1523.03 188.372 156.619 1 1 1 1 
v -1523.62 188.372 155.811 1 1 1 1 
v -1523.03 187.372 156.619 1 1 1 1 
v -1523.62 187.372 155.811 1 1 1 1 
v -1523.62 188.372 155.811 1 1 1 1 
v -1519.58 188.372 152.872 1 1 1 1 
v -1523.62 187.372 155.811 1 1 1 1 
v -1519.58 187.372 152.872 1 1 1 1 
v -1519.58 187.372 152.872 1 1 1 1 
v -1518.99 187.372 153.68 1 1 1 1 
v -1523.62 187.372 155.811 1 1 1 1 
v -1523.03 187.372 156.619 1 1 1 1 
v -1519.58 188.372 152.872 1 1 1 1 
v -1518.99 188.372 153.68 1 1 1 1 
v -1519.58 187.372 152.872 1 1 1 1 
v -1518.99 187.372 153.68 1 1 1 1 

vn 0.590551 0 0.811024 
vn 0.590551 0 0.811024 
vn 0.590551 0 0.811024 
vn 0.590551 0 0.811024 
vn 0 1 0 
vn 0 1 0 
vn 0 1 0 
vn 0 1 0 
vn -0.811024 0 0.590551 
vn -0.811024 0 0.590551 
vn -0.811024 0 0.590551 
vn -0.811024 0 0.590551 
vn -0.590551 0 -0.811024 
vn -0.590551 0 -0.811024 
vn -0.590551 0 -0.811024 
vn -0.590551 0 -0.811024 
vn 0 -1 0 
vn 0 -1 0 
vn 0 -1 0 
vn 0 -1 0 
vn 0.811024 0 -0.590551 
vn 0.811024 0 -0.590551 
vn 0.811024 0 -0.590551 
vn 0.811024 0 -0.590551 

vt 4.125 -6.75 
vt 3.5 -6.75 
vt 4.125 -6.875 
vt 3.5 -6.875 
vt 3.62497 -6.75 
vt 3.5 -6.75 
vt 3.62497 -7.375 
vt 3.5 -7.375 
vt 3.62497 -6.75 
vt 3.5 -6.75 
vt 3.62497 -6.875 
vt 3.5 -6.875 
vt 4.125 -6.75 
vt 3.5 -6.75 
vt 4.125 -6.875 
vt 3.5 -6.875 
vt 3.62497 -6.75 
vt 3.5 -6.75 
vt 3.62497 -7.375 
vt 3.5 -7.375 
vt 3.62497 -6.75 
vt 3.5 -6.75 
vt 3.62497 -6.875 
vt 3.5 -6.875 

usemtl Part1Mtl

f 361/361/361 362/362/362 363/363/363 
f 363/363/363 362/362/362 364/364/364 
f 365/365/365 366/366/366 367/367/367 
f 367/367/367 366/366/366 368/368/368 
f 369/369/369 370/370/370 371/371/371 
f 371/371/371 370/370/370 372/372/372 
f 373/373/373 374/374/374 375/375/375 
f 375/375/375 374/374/374 376/376/376 
f 377/377/377 378/378/378 379/379/379 
f 379/379/379 378/378/378 380/380/380 
f 381/381/381 382/382/382 383/383/383 
f 383/383/383 382/382/382 384/384/384 

g Part17

v -1526.21 200.372 140.678 1 1 1 1 
v -1525.21 200.372 140.678 1 1 1 1 
v -1526.21 184.372 140.678 1 1 1 1 
v -1525.21 184.372 140.678 1 1 1 1 
v -1525.21 200.372 141.678 1 1 1 1 
v -1525.21 200.372 140.678 1 1 1 1 
v -1526.21 200.372 141.678 1 1 1 1 
v -1526.21 200.372 140.678 1 1 1 1 
v -1525.21 200.372 140.678 1 1 1 1 
v -1525.21 200.372 141.678 1 1 1 1 
v -1525.21 184.372 140.678 1 1 1 1 
v -1525.21 184.372 141.678 1 1 1 1 
v -1525.21 200.372 141.678 1 1 1 1 
v -1526.21 200.372 141.678 1 1 1 1 
v -1525.21 184.372 141.678 1 1 1 1 
v -1526.21 184.372 141.678 1 1 1 1 
v -1526.21 184.372 141.678 1 1 1 1 
v -1526.21 184.372 140.678 1 1 1 1 
v -1525.21 184.372 141.678 1 1 1 1 
v -1525.21 184.372 140.678 1 1 1 1 
v -1526.21 200.372 141.678 1 1 1 1 
v -1526.21 200.372 140.678 1 1 1 1 
v -1526.21 184.372 141.678 1 1 1 1 
v -1526.21 184.372 140.678 1 1 1 1 

vn 0 0 -1 
vn 0 0 -1 
vn 0 0 -1 
vn 0 0 -1 
vn 0 1 0 
vn 0 1 0 
vn 0 1 0 
vn 0 1 0 
vn 1 0 0 
vn 1 0 0 
vn 1 0 0 
vn 1 0 0 
vn 0 0 1 
vn 0 0 1 
vn 0 0 1 
vn 0 0 1 
vn 0 -1 0 
vn 0 -1 0 
vn 0 -1 0 
vn 0 -1 0 
vn -1 0 0 
vn -1 0 0 
vn -1 0 0 
vn -1 0 0 

vt 7.625 -3.5 
vt 7.5 -3.5 
vt 7.625 -5.5 
vt 7.5 -5.5 
vt 7.62497 -3.5 
vt 7.5 -3.5 
vt 7.62497 -3.625 
vt 7.5 -3.625 
vt 7.62497 -3.5 
vt 7.5 -3.5 
vt 7.62497 -5.5 
vt 7.5 -5.5 
vt 7.625 -3.5 
vt 7.5 -3.5 
vt 7.625 -5.5 
vt 7.5 -5.5 
vt 7.62497 -3.5 
vt 7.5 -3.5 
vt 7.62497 -3.625 
vt 7.5 -3.625 
vt 7.62497 -3.5 
vt 7.5 -3.5 
vt 7.62497 -5.5 
vt 7.5 -5.5 

usemtl Part1Mtl

f 385/385/385 386/386/386 387/387/387 
f 387/387/387 386/386/386 388/388/388 
f 389/389/389 390/390/390 391/391/391 
f 391/391/391 390/390/390 392/392/392 
f 393/393/393 394/394/394 395/395/395 
f 395/395/395 394/394/394 396/396/396 
f 397/397/397 398/398/398 399/399/399 
f 399/399/399 398/398/398 400/400/400 
f 401/401/401 402/402/402 403/403/403 
f 403/403/403 402/402/402 404/404/404 
f 405/405/405 406/406/406 407/407/407 
f 407/407/407 406/406/406 408/408/408 

g Part18

v -1523.21 197.372 141.678 1 1 1 1 
v -1528.21 197.372 141.678 1 1 1 1 
v -1523.21 196.372 141.678 1 1 1 1 
v -1528.21 196.372 141.678 1 1 1 1 
v -1528.21 197.372 140.678 1 1 1 1 
v -1528.21 197.372 141.678 1 1 1 1 
v -1523.21 197.372 140.678 1 1 1 1 
v -1523.21 197.372 141.678 1 1 1 1 
v -1528.21 197.372 141.678 1 1 1 1 
v -1528.21 197.372 140.678 1 1 1 1 
v -1528.21 196.372 141.678 1 1 1 1 
v -1528.21 196.372 140.678 1 1 1 1 
v -1528.21 197.372 140.678 1 1 1 1 
v -1523.21 197.372 140.678 1 1 1 1 
v -1528.21 196.372 140.678 1 1 1 1 
v -1523.21 196.372 140.678 1 1 1 1 
v -1523.21 196.372 140.678 1 1 1 1 
v -1523.21 196.372 141.678 1 1 1 1 
v -1528.21 196.372 140.678 1 1 1 1 
v -1528.21 196.372 141.678 1 1 1 1 
v -1523.21 197.372 140.678 1 1 1 1 
v -1523.21 197.372 141.678 1 1 1 1 
v -1523.21 196.372 140.678 1 1 1 1 
v -1523.21 196.372 141.678 1 1 1 1 

vn 0 0 1 
vn 0 0 1 
vn 0 0 1 
vn 0 0 1 
vn 0 1 0 
vn 0 1 0 
vn 0 1 0 
vn 0 1 0 
vn -1 0 0 
vn -1 0 0 
vn -1 0 0 
vn -1 0 0 
vn 0 0 -1 
vn 0 0 -1 
vn 0 0 -1 
vn 0 0 -1 
vn 0 -1 0 
vn 0 -1 0 
vn 0 -1 0 
vn 0 -1 0 
vn 1 0 0 
vn 1 0 0 
vn 1 0 0 
vn 1 0 0 

vt 3.625 -5.5 
vt 3 -5.5 
vt 3.625 -5.625 
vt 3 -5.625 
vt 3.12497 -5.5 
vt 3 -5.5 
vt 3.12497 -6.125 
vt 3 -6.125 
vt 3.12497 -5.5 
vt 3 -5.5 
vt 3.12497 -5.625 
vt 3 -5.625 
vt 3.625 -5.5 
vt 3 -5.5 
vt 3.625 -5.625 
vt 3 -5.625 
vt 3.12497 -5.5 
vt 3 -5.5 
vt 3.12497 -6.125 
vt 3 -6.125 
vt 3.12497 -5.5 
vt 3 -5.5 
vt 3.12497 -5.625 
vt 3 -5.625 

usemtl Part1Mtl

f 409/409/409 410/410/410 411/411/411 
f 411/411/411 410/410/410 412/412/412 
f 413/413/413 414/414/414 415/415/415 
f 415/415/415 414/414/414 416/416/416 
f 417/417/417 418/418/418 419/419/419 
f 419/419/419 418/418/418 420/420/420 
f 421/421/421 422/422/422 423/423/423 
f 423/423/423 422/422/422 424/424/424 
f 425/425/425 426/426/426 427/427/427 
f 427/427/427 426/426/426 428/428/428 
f 429/429/429 430/430/430 431/431/431 
f 431/431/431 430/430/430 432/432/432 

g Part19

v -1523.21 188.372 141.678 1 1 1 1 
v -1528.21 188.372 141.678 1 1 1 1 
v -1523.21 187.372 141.678 1 1 1 1 
v -1528.21 187.372 141.678 1 1 1 1 
v -1528.21 188.372 140.678 1 1 1 1 
v -1528.21 188.372 141.678 1 1 1 1 
v -1523.21 188.372 140.678 1 1 1 1 
v -1523.21 188.372 141.678 1 1 1 1 
v -1528.21 188.372 141.678 1 1 1 1 
v -1528.21 188.372 140.678 1 1 1 1 
v -1528.21 187.372 141.678 1 1 1 1 
v -1528.21 187.372 140.678 1 1 1 1 
v -1528.21 188.372 140.678 1 1 1 1 
v -1523.21 188.372 140.678 1 1 1 1 
v -1528.21 187.372 140.678 1 1 1 1 
v -1523.21 187.372 140.678 1 1 1 1 
v -1523.21 187.372 140.678 1 1 1 1 
v -1523.21 187.372 141.678 1 1 1 1 
v -1528.21 187.372 140.678 1 1 1 1 
v -1528.21 187.372 141.678 1 1 1 1 
v -1523.21 188.372 140.678 1 1 1 1 
v -1523.21 188.372 141.678 1 1 1 1 
v -1523.21 187.372 140.678 1 1 1 1 
v -1523.21 187.372 141.678 1 1 1 1 

vn 0 0 1 
vn 0 0 1 
vn 0 0 1 
vn 0 0 1 
vn 0 1 0 
vn 0 1 0 
vn 0 1 0 
vn 0 1 0 
vn -1 0 0 
vn -1 0 0 
vn -1 0 0 
vn -1 0 0 
vn 0 0 -1 
vn 0 0 -1 
vn 0 0 -1 
vn 0 0 -1 
vn 0 -1 0 
vn 0 -1 0 
vn 0 -1 0 
vn 0 -1 0 
vn 1 0 0 
vn 1 0 0 
vn 1 0 0 
vn 1 0 0 

vt 6.125 -2 
vt 5.5 -2 
vt 6.125 -2.125 
vt 5.5 -2.125 
vt 5.62497 -2 
vt 5.5 -2 
vt 5.62497 -2.625 
vt 5.5 -2.625 
vt 5.62497 -2 
vt 5.5 -2 
vt 5.62497 -2.125 
vt 5.5 -2.125 
vt 6.125 -2 
vt 5.5 -2 
vt 6.125 -2.125 
vt 5.5 -2.125 
vt 5.62497 -2 
vt 5.5 -2 
vt 5.62497 -2.625 
vt 5.5 -2.625 
vt 5.62497 -2 
vt 5.5 -2 
vt 5.62497 -2.125 
vt 5.5 -2.125 

usemtl Part1Mtl

f 433/433/433 434/434/434 435/435/435 
f 435/435/435 434/434/434 436/436/436 
f 437/437/437 438/438/438 439/439/439 
f 439/439/439 438/438/438 440/440/440 
f 441/441/441 442/442/442 443/443/443 
f 443/443/443 442/442/442 444/444/444 
f 445/445/445 446/446/446 447/447/447 
f 447/447/447 446/446/446 448/448/448 
f 449/449/449 450/450/450 451/451/451 
f 451/451/451 450/450/450 452/452/452 
f 453/453/453 454/454/454 455/455/455 
f 455/455/455 454/454/454 456/456/456 

g Part20

v -1518.99 197.372 153.68 1 1 1 1 
v -1523.03 197.372 156.619 1 1 1 1 
v -1518.99 196.372 153.68 1 1 1 1 
v -1523.03 196.372 156.619 1 1 1 1 
v -1523.62 197.372 155.811 1 1 1 1 
v -1523.03 197.372 156.619 1 1 1 1 
v -1519.58 197.372 152.872 1 1 1 1 
v -1518.99 197.372 153.68 1 1 1 1 
v -1523.03 197.372 156.619 1 1 1 1 
v -1523.62 197.372 155.811 1 1 1 1 
v -1523.03 196.372 156.619 1 1 1 1 
v -1523.62 196.372 155.811 1 1 1 1 
v -1523.62 197.372 155.811 1 1 1 1 
v -1519.58 197.372 152.872 1 1 1 1 
v -1523.62 196.372 155.811 1 1 1 1 
v -1519.58 196.372 152.872 1 1 1 1 
v -1519.58 196.372 152.872 1 1 1 1 
v -1518.99 196.372 153.68 1 1 1 1 
v -1523.62 196.372 155.811 1 1 1 1 
v -1523.03 196.372 156.619 1 1 1 1 
v -1519.58 197.372 152.872 1 1 1 1 
v -1518.99 197.372 153.68 1 1 1 1 
v -1519.58 196.372 152.872 1 1 1 1 
v -1518.99 196.372 153.68 1 1 1 1 

vn 0.590551 0 0.811024 
vn 0.590551 0 0.811024 
vn 0.590551 0 0.811024 
vn 0.590551 0 0.811024 
vn 0 1 0 
vn 0 1 0 
vn 0 1 0 
vn 0 1 0 
vn -0.811024 0 0.590551 
vn -0.811024 0 0.590551 
vn -0.811024 0 0.590551 
vn -0.811024 0 0.590551 
vn -0.590551 0 -0.811024 
vn -0.590551 0 -0.811024 
vn -0.590551 0 -0.811024 
vn -0.590551 0 -0.811024 
vn 0 -1 0 
vn 0 -1 0 
vn 0 -1 0 
vn 0 -1 0 
vn 0.811024 0 -0.590551 
vn 0.811024 0 -0.590551 
vn 0.811024 0 -0.590551 
vn 0.811024 0 -0.590551 

vt 3.875 -6 
vt 3.25 -6 
vt 3.875 -6.125 
vt 3.25 -6.125 
vt 3.37497 -6 
vt 3.25 -6 
vt 3.37497 -6.625 
vt 3.25 -6.625 
vt 3.37497 -6 
vt 3.25 -6 
vt 3.37497 -6.125 
vt 3.25 -6.125 
vt 3.875 -6 
vt 3.25 -6 
vt 3.875 -6.125 
vt 3.25 -6.125 
vt 3.37497 -6 
vt 3.25 -6 
vt 3.37497 -6.625 
vt 3.25 -6.625 
vt 3.37497 -6 
vt 3.25 -6 
vt 3.37497 -6.125 
vt 3.25 -6.125 

usemtl Part1Mtl

f 457/457/457 458/458/458 459/459/459 
f 459/459/459 458/458/458 460/460/460 
f 461/461/461 462/462/462 463/463/463 
f 463/463/463 462/462/462 464/464/464 
f 465/465/465 466/466/466 467/467/467 
f 467/467/467 466/466/466 468/468/468 
f 469/469/469 470/470/470 471/471/471 
f 471/471/471 470/470/470 472/472/472 
f 473/473/473 474/474/474 475/475/475 
f 475/475/475 474/474/474 476/476/476 
f 477/477/477 478/478/478 479/479/479 
f 479/479/479 478/478/478 480/480/480 

g Part21

v -1528.39 188.372 156.619 1 1 1 1 
v -1532.44 188.372 153.68 1 1 1 1 
v -1528.39 187.372 156.619 1 1 1 1 
v -1532.44 187.372 153.68 1 1 1 1 
v -1531.85 188.372 152.872 1 1 1 1 
v -1532.44 188.372 153.68 1 1 1 1 
v -1527.8 188.372 155.811 1 1 1 1 
v -1528.39 188.372 156.619 1 1 1 1 
v -1532.44 188.372 153.68 1 1 1 1 
v -1531.85 188.372 152.872 1 1 1 1 
v -1532.44 187.372 153.68 1 1 1 1 
v -1531.85 187.372 152.872 1 1 1 1 
v -1531.85 188.372 152.872 1 1 1 1 
v -1527.8 188.372 155.811 1 1 1 1 
v -1531.85 187.372 152.872 1 1 1 1 
v -1527.8 187.372 155.811 1 1 1 1 
v -1527.8 187.372 155.811 1 1 1 1 
v -1528.39 187.372 156.619 1 1 1 1 
v -1531.85 187.372 152.872 1 1 1 1 
v -1532.44 187.372 153.68 1 1 1 1 
v -1527.8 188.372 155.811 1 1 1 1 
v -1528.39 188.372 156.619 1 1 1 1 
v -1527.8 187.372 155.811 1 1 1 1 
v -1528.39 187.372 156.619 1 1 1 1 

vn -0.590551 0 0.811024 
vn -0.590551 0 0.811024 
vn -0.590551 0 0.811024 
vn -0.590551 0 0.811024 
vn 0 1 0 
vn 0 1 0 
vn 0 1 0 
vn 0 1 0 
vn -0.811024 0 -0.590551 
vn -0.811024 0 -0.590551 
vn -0.811024 0 -0.590551 
vn -0.811024 0 -0.590551 
vn 0.590551 0 -0.811024 
vn 0.590551 0 -0.811024 
vn 0.590551 0 -0.811024 
vn 0.590551 0 -0.811024 
vn 0 -1 0 
vn 0 -1 0 
vn 0 -1 0 
vn 0 -1 0 
vn 0.811024 0 0.590551 
vn 0.811024 0 0.590551 
vn 0.811024 0 0.590551 
vn 0.811024 0 0.590551 

vt 6.375 -2.5 
vt 5.75 -2.5 
vt 6.375 -2.625 
vt 5.75 -2.625 
vt 5.87497 -2.5 
vt 5.75 -2.5 
vt 5.87497 -3.125 
vt 5.75 -3.125 
vt 5.87497 -2.5 
vt 5.75 -2.5 
vt 5.87497 -2.625 
vt 5.75 -2.625 
vt 6.375 -2.5 
vt 5.75 -2.5 
vt 6.375 -2.625 
vt 5.75 -2.625 
vt 5.87497 -2.5 
vt 5.75 -2.5 
vt 5.87497 -3.125 
vt 5.75 -3.125 
vt 5.87497 -2.5 
vt 5.75 -2.5 
vt 5.87497 -2.625 
vt 5.75 -2.625 

usemtl Part1Mtl

f 481/481/481 482/482/482 483/483/483 
f 483/483/483 482/482/482 484/484/484 
f 485/485/485 486/486/486 487/487/487 
f 487/487/487 486/486/486 488/488/488 
f 489/489/489 490/490/490 491/491/491 
f 491/491/491 490/490/490 492/492/492 
f 493/493/493 494/494/494 495/495/495 
f 495/495/495 494/494/494 496/496/496 
f 497/497/497 498/498/498 499/499/499 
f 499/499/499 498/498/498 500/500/500 
f 501/501/501 502/502/502 503/503/503 
f 503/503/503 502/502/502 504/504/504 

g Part22

v -1525.71 201.372 148.678 1 1 1 1 
v -1525.71 201.372 156.678 1 1 1 1 
v -1527.28 201.372 156.523 1 1 1 1 
v -1529.29 201.372 155.833 1 1 1 1 
v -1531.37 201.372 154.335 1 1 1 1 
v -1532.87 201.372 152.256 1 1 1 1 
v -1533.56 201.372 150.247 1 1 1 1 
v -1533.71 201.372 148.678 1 1 1 1 
v -1533.71 201.372 148.678 1 1 1 1 
v -1533.56 201.372 147.109 1 1 1 1 
v -1532.87 201.372 145.1 1 1 1 1 
v -1531.37 201.372 143.021 1 1 1 1 
v -1529.29 201.372 141.522 1 1 1 1 
v -1527.28 201.372 140.833 1 1 1 1 
v -1525.71 201.372 140.678 1 1 1 1 
v -1525.71 201.372 140.678 1 1 1 1 
v -1524.14 201.372 140.833 1 1 1 1 
v -1522.13 201.372 141.522 1 1 1 1 
v -1520.06 201.372 143.021 1 1 1 1 
v -1518.56 201.372 145.1 1 1 1 1 
v -1517.87 201.372 147.109 1 1 1 1 
v -1517.71 201.372 148.678 1 1 1 1 
v -1517.71 201.372 148.678 1 1 1 1 
v -1517.87 201.372 150.247 1 1 1 1 
v -1518.56 201.372 152.256 1 1 1 1 
v -1520.06 201.372 154.335 1 1 1 1 
v -1522.13 201.372 155.833 1 1 1 1 
v -1524.14 201.372 156.523 1 1 1 1 
v -1525.71 201.372 156.678 1 1 1 1 
v -1517.71 200.372 148.678 1 1 1 1 
v -1517.71 201.372 148.678 1 1 1 1 
v -1517.87 200.372 150.247 1 1 1 1 
v -1517.87 201.372 150.247 1 1 1 1 
v -1518.56 200.372 152.256 1 1 1 1 
v -1518.56 201.372 152.256 1 1 1 1 
v -1520.06 200.372 154.335 1 1 1 1 
v -1520.06 201.372 154.335 1 1 1 1 
v -1522.13 200.372 155.833 1 1 1 1 
v -1522.13 201.372 155.833 1 1 1 1 
v -1524.14 200.372 156.523 1 1 1 1 
v -1524.14 201.372 156.523 1 1 1 1 
v -1525.71 200.372 156.678 1 1 1 1 
v -1525.71 201.372 156.678 1 1 1 1 
v -1517.71 201.372 148.678 1 1 1 1 
v -1517.71 200.372 148.678 1 1 1 1 
v -1517.87 201.372 147.109 1 1 1 1 
v -1517.87 200.372 147.109 1 1 1 1 
v -1518.56 201.372 145.1 1 1 1 1 
v -1518.56 200.372 145.1 1 1 1 1 
v -1520.06 201.372 143.021 1 1 1 1 
v -1520.06 200.372 143.021 1 1 1 1 
v -1522.13 201.372 141.522 1 1 1 1 
v -1522.13 200.372 141.522 1 1 1 1 
v -1524.14 201.372 140.833 1 1 1 1 
v -1524.14 200.372 140.833 1 1 1 1 
v -1525.71 201.372 140.678 1 1 1 1 
v -1525.71 200.372 140.678 1 1 1 1 
v -1525.71 200.372 148.678 1 1 1 1 
v -1517.71 200.372 148.678 1 1 1 1 
v -1517.87 200.372 147.109 1 1 1 1 
v -1518.56 200.372 145.1 1 1 1 1 
v -1520.06 200.372 143.021 1 1 1 1 
v -1522.13 200.372 141.522 1 1 1 1 
v -1524.14 200.372 140.833 1 1 1 1 
v -1525.71 200.372 140.678 1 1 1 1 
v -1525.71 200.372 140.678 1 1 1 1 
v -1527.28 200.372 140.833 1 1 1 1 
v -1529.29 200.372 141.522 1 1 1 1 
v -1531.37 200.372 143.021 1 1 1 1 
v -1532.87 200.372 145.1 1 1 1 1 
v -1533.56 200.372 147.109 1 1 1 1 
v -1533.71 200.372 148.678 1 1 1 1 
v -1533.71 200.372 148.678 1 1 1 1 
v -1533.56 200.372 150.247 1 1 1 1 
v -1532.87 200.372 152.256 1 1 1 1 
v -1531.37 200.372 154.335 1 1 1 1 
v -1529.29 200.372 155.833 1 1 1 1 
v -1527.28 200.372 156.523 1 1 1 1 
v -1525.71 200.372 156.678 1 1 1 1 
v -1525.71 200.372 156.678 1 1 1 1 
v -1524.14 200.372 156.523 1 1 1 1 
v -1522.13 200.372 155.833 1 1 1 1 
v -1520.06 200.372 154.335 1 1 1 1 
v -1518.56 200.372 152.256 1 1 1 1 
v -1517.87 200.372 150.247 1 1 1 1 
v -1517.71 200.372 148.678 1 1 1 1 
v -1533.71 200.372 148.678 1 1 1 1 
v -1533.71 201.372 148.678 1 1 1 1 
v -1533.56 200.372 147.109 1 1 1 1 
v -1533.56 201.372 147.109 1 1 1 1 
v -1532.87 200.372 145.1 1 1 1 1 
v -1532.87 201.372 145.1 1 1 1 1 
v -1531.37 200.372 143.021 1 1 1 1 
v -1531.37 201.372 143.021 1 1 1 1 
v -1529.29 200.372 141.522 1 1 1 1 
v -1529.29 201.372 141.522 1 1 1 1 
v -1527.28 200.372 140.833 1 1 1 1 
v -1527.28 201.372 140.833 1 1 1 1 
v -1525.71 200.372 140.678 1 1 1 1 
v -1525.71 201.372 140.678 1 1 1 1 
v -1525.71 200.372 156.678 1 1 1 1 
v -1525.71 201.372 156.678 1 1 1 1 
v -1527.28 200.372 156.523 1 1 1 1 
v -1527.28 201.372 156.523 1 1 1 1 
v -1529.29 200.372 155.833 1 1 1 1 
v -1529.29 201.372 155.833 1 1 1 1 
v -1531.37 200.372 154.335 1 1 1 1 
v -1531.37 201.372 154.335 1 1 1 1 
v -1532.87 200.372 152.256 1 1 1 1 
v -1532.87 201.372 152.256 1 1 1 1 
v -1533.56 200.372 150.247 1 1 1 1 
v -1533.56 201.372 150.247 1 1 1 1 
v -1533.71 200.372 148.678 1 1 1 1 
v -1533.71 201.372 148.678 1 1 1 1 

vn 0 1 0 
vn 0 1 0 
vn 0 1 0 
vn 0 1 0 
vn 0 1 0 
vn 0 1 0 
vn 0 1 0 
vn 0 1 0 
vn 0 1 0 
vn 0 1 0 
vn 0 1 0 
vn 0 1 0 
vn 0 1 0 
vn 0 1 0 
vn 0 1 0 
vn 0 1 0 
vn 0 1 0 
vn 0 1 0 
vn 0 1 0 
vn 0 1 0 
vn 0 1 0 
vn 0 1 0 
vn 0 1 0 
vn 0 1 0 
vn 0 1 0 
vn 0 1 0 
vn 0 1 0 
vn 0 1 0 
vn 0 1 0 
vn 1 0 0 
vn 1 0 0 
vn 0.984252 0 0.19685 
vn 0.984252 0 0.19685 
vn 0.897638 0 0.448819 
vn 0.897638 0 0.448819 
vn 0.708661 0 0.708661 
vn 0.708661 0 0.708661 
vn 0.448819 0 0.897638 
vn 0.448819 0 0.897638 
vn 0.19685 0 0.984252 
vn 0.19685 0 0.984252 
vn 0 0 1 
vn 0 0 1 
vn 1 0 0 
vn 1 0 0 
vn 0.984252 0 -0.19685 
vn 0.984252 0 -0.19685 
vn 0.897638 0 -0.448819 
vn 0.897638 0 -0.448819 
vn 0.708661 0 -0.708661 
vn 0.708661 0 -0.708661 
vn 0.448819 0 -0.897638 
vn 0.448819 0 -0.897638 
vn 0.19685 0 -0.984252 
vn 0.19685 0 -0.984252 
vn 0 0 -1 
vn 0 0 -1 
vn 0 -1 0 
vn 0 -1 0 
vn 0 -1 0 
vn 0 -1 0 
vn 0 -1 0 
vn 0 -1 0 
vn 0 -1 0 
vn 0 -1 0 
vn 0 -1 0 
vn 0 -1 0 
vn 0 -1 0 
vn 0 -1 0 
vn 0 -1 0 
vn 0 -1 0 
vn 0 -1 0 
vn 0 -1 0 
vn 0 -1 0 
vn 0 -1 0 
vn 0 -1 0 
vn 0 -1 0 
vn 0 -1 0 
vn 0 -1 0 
vn 0 -1 0 
vn 0 -1 0 
vn 0 -1 0 
vn 0 -1 0 
vn 0 -1 0 
vn 0 -1 0 
vn 0 -1 0 
vn -1 0 0 
vn -1 0 0 
vn -0.984252 0 -0.19685 
vn -0.984252 0 -0.19685 
vn -0.897638 0 -0.448819 
vn -0.897638 0 -0.448819 
vn -0.708661 0 -0.708661 
vn -0.708661 0 -0.708661 
vn -0.448819 0 -0.897638 
vn -0.448819 0 -0.897638 
vn -0.19685 0 -0.984252 
vn -0.19685 0 -0.984252 
vn 0 0 -1 
vn 0 0 -1 
vn 0 0 1 
vn 0 0 1 
vn -0.19685 0 0.984252 
vn -0.19685 0 0.984252 
vn -0.448819 0 0.897638 
vn -0.448819 0 0.897638 
vn -0.708661 0 0.708661 
vn -0.708661 0 0.708661 
vn -0.897638 0 0.448819 
vn -0.897638 0 0.448819 
vn -0.984252 0 0.19685 
vn -0.984252 0 0.19685 
vn -1 0 0 
vn -1 0 0 

vt 5 -6.75 
vt 5.70711 -6.04289 
vt 5.83205 -6.1953 
vt 5.94868 -6.43377 
vt 6 -6.75 
vt 5.94868 -7.06623 
vt 5.83205 -7.3047 
vt 5.70711 -7.45711 
vt 5.70711 -7.45711 
vt 5.5547 -7.58205 
vt 5.31623 -7.69868 
vt 5 -7.75 
vt 4.68377 -7.69868 
vt 4.4453 -7.58205 
vt 4.29289 -7.45711 
vt 4.29289 -7.45711 
vt 4.16795 -7.3047 
vt 4.05132 -7.06623 
vt 4 -6.75 
vt 4.05132 -6.43377 
vt 4.16795 -6.1953 
vt 4.29289 -6.04289 
vt 4.29289 -6.04289 
vt 4.4453 -5.91795 
vt 4.68377 -5.80132 
vt 5 -5.75 
vt 5.31623 -5.80132 
vt 5.5547 -5.91795 
vt 5.70711 -6.04289 
vt 8.125 -12.5 
vt 8 -12.5 
vt 8.125 -12.8333 
vt 8 -12.8333 
vt 8.125 -13.1667 
vt 8 -13.1667 
vt 8.125 -13.5 
vt 8 -13.5 
vt 8.125 -13.8333 
vt 8 -13.8333 
vt 8.125 -14.1667 
vt 8 -14.1667 
vt 8.125 -14.5 
vt 8 -14.5 
vt 8.125 -12.5 
vt 8 -12.5 
vt 8.125 -12.8333 
vt 8 -12.8333 
vt 8.125 -13.1667 
vt 8 -13.1667 
vt 8.125 -13.5 
vt 8 -13.5 
vt 8.125 -13.8333 
vt 8 -13.8333 
vt 8.125 -14.1667 
vt 8 -14.1667 
vt 8.125 -14.5 
vt 8 -14.5 
vt 5 -6.75 
vt 5.70711 -6.04289 
vt 5.83205 -6.1953 
vt 5.94868 -6.43377 
vt 6 -6.75 
vt 5.94868 -7.06623 
vt 5.83205 -7.3047 
vt 5.70711 -7.45711 
vt 5.70711 -7.45711 
vt 5.5547 -7.58205 
vt 5.31623 -7.69868 
vt 5 -7.75 
vt 4.68377 -7.69868 
vt 4.4453 -7.58205 
vt 4.29289 -7.45711 
vt 4.29289 -7.45711 
vt 4.16795 -7.3047 
vt 4.05132 -7.06623 
vt 4 -6.75 
vt 4.05132 -6.43377 
vt 4.16795 -6.1953 
vt 4.29289 -6.04289 
vt 4.29289 -6.04289 
vt 4.4453 -5.91795 
vt 4.68377 -5.80132 
vt 5 -5.75 
vt 5.31623 -5.80132 
vt 5.5547 -5.91795 
vt 5.70711 -6.04289 
vt 8.125 -12.5 
vt 8 -12.5 
vt 8.125 -12.8333 
vt 8 -12.8333 
vt 8.125 -13.1667 
vt 8 -13.1667 
vt 8.125 -13.5 
vt 8 -13.5 
vt 8.125 -13.8333 
vt 8 -13.8333 
vt 8.125 -14.1667 
vt 8 -14.1667 
vt 8.125 -14.5 
vt 8 -14.5 
vt 8.125 -12.5 
vt 8 -12.5 
vt 8.125 -12.8333 
vt 8 -12.8333 
vt 8.125 -13.1667 
vt 8 -13.1667 
vt 8.125 -13.5 
vt 8 -13.5 
vt 8.125 -13.8333 
vt 8 -13.8333 
vt 8.125 -14.1667 
vt 8 -14.1667 
vt 8.125 -14.5 
vt 8 -14.5 

usemtl Part1Mtl

f 505/505/505 507/507/507 506/506/506 
f 505/505/505 508/508/508 507/507/507 
f 505/505/505 509/509/509 508/508/508 
f 505/505/505 510/510/510 509/509/509 
f 505/505/505 511/511/511 510/510/510 
f 505/505/505 512/512/512 511/511/511 
f 505/505/505 514/514/514 513/513/513 
f 505/505/505 515/515/515 514/514/514 
f 505/505/505 516/516/516 515/515/515 
f 505/505/505 517/517/517 516/516/516 
f 505/505/505 518/518/518 517/517/517 
f 505/505/505 519/519/519 518/518/518 
f 505/505/505 521/521/521 520/520/520 
f 505/505/505 522/522/522 521/521/521 
f 505/505/505 523/523/523 522/522/522 
f 505/505/505 524/524/524 523/523/523 
f 505/505/505 525/525/525 524/524/524 
f 505/505/505 526/526/526 525/525/525 
f 505/505/505 528/528/528 527/527/527 
f 505/505/505 529/529/529 528/528/528 
f 505/505/505 530/530/530 529/529/529 
f 505/505/505 531/531/531 530/530/530 
f 505/505/505 532/532/532 531/531/531 
f 505/505/505 533/533/533 532/532/532 
f 534/534/534 535/535/535 536/536/536 
f 536/536/536 535/535/535 537/537/537 
f 536/536/536 537/537/537 538/538/538 
f 538/538/538 537/537/537 539/539/539 
f 538/538/538 539/539/539 540/540/540 
f 540/540/540 539/539/539 541/541/541 
f 540/540/540 541/541/541 542/542/542 
f 542/542/542 541/541/541 543/543/543 
f 542/542/542 543/543/543 544/544/544 
f 544/544/544 543/543/543 545/545/545 
f 544/544/544 545/545/545 546/546/546 
f 546/546/546 545/545/545 547/547/547 
f 548/548/548 549/549/549 550/550/550 
f 550/550/550 549/549/549 551/551/551 
f 550/550/550 551/551/551 552/552/552 
f 552/552/552 551/551/551 553/553/553 
f 552/552/552 553/553/553 554/554/554 
f 554/554/554 553/553/553 555/555/555 
f 554/554/554 555/555/555 556/556/556 
f 556/556/556 555/555/555 557/557/557 
f 556/556/556 557/557/557 558/558/558 
f 558/558/558 557/557/557 559/559/559 
f 558/558/558 559/559/559 560/560/560 
f 560/560/560 559/559/559 561/561/561 
f 562/562/562 564/564/564 563/563/563 
f 562/562/562 565/565/565 564/564/564 
f 562/562/562 566/566/566 565/565/565 
f 562/562/562 567/567/567 566/566/566 
f 562/562/562 568/568/568 567/567/567 
f 562/562/562 569/569/569 568/568/568 
f 562/562/562 571/571/571 570/570/570 
f 562/562/562 572/572/572 571/571/571 
f 562/562/562 573/573/573 572/572/572 
f 562/562/562 574/574/574 573/573/573 
f 562/562/562 575/575/575 574/574/574 
f 562/562/562 576/576/576 575/575/575 
f 562/562/562 578/578/578 577/577/577 
f 562/562/562 579/579/579 578/578/578 
f 562/562/562 580/580/580 579/579/579 
f 562/562/562 581/581/581 580/580/580 
f 562/562/562 582/582/582 581/581/581 
f 562/562/562 583/583/583 582/582/582 
f 562/562/562 585/585/585 584/584/584 
f 562/562/562 586/586/586 585/585/585 
f 562/562/562 587/587/587 586/586/586 
f 562/562/562 588/588/588 587/587/587 
f 562/562/562 589/589/589 588/588/588 
f 562/562/562 590/590/590 589/589/589 
f 591/591/591 592/592/592 593/593/593 
f 593/593/593 592/592/592 594/594/594 
f 593/593/593 594/594/594 595/595/595 
f 595/595/595 594/594/594 596/596/596 
f 595/595/595 596/596/596 597/597/597 
f 597/597/597 596/596/596 598/598/598 
f 597/597/597 598/598/598 599/599/599 
f 599/599/599 598/598/598 600/600/600 
f 599/599/599 600/600/600 601/601/601 
f 601/601/601 600/600/600 602/602/602 
f 601/601/601 602/602/602 603/603/603 
f 603/603/603 602/602/602 604/604/604 
f 605/605/605 606/606/606 607/607/607 
f 607/607/607 606/606/606 608/608/608 
f 607/607/607 608/608/608 609/609/609 
f 609/609/609 608/608/608 610/610/610 
f 609/609/609 610/610/610 611/611/611 
f 611/611/611 610/610/610 612/612/612 
f 611/611/611 612/612/612 613/613/613 
f 613/613/613 612/612/612 614/614/614 
f 613/613/613 614/614/614 615/615/615 
f 615/615/615 614/614/614 616/616/616 
f 615/615/615 616/616/616 617/617/617 
f 617/617/617 616/616/616 618/618/618 

g Part23

v -1523.21 197.372 156.678 1 1 1 1 
v -1528.21 197.372 156.678 1 1 1 1 
v -1523.21 196.372 156.678 1 1 1 1 
v -1528.21 196.372 156.678 1 1 1 1 
v -1528.21 197.372 155.678 1 1 1 1 
v -1528.21 197.372 156.678 1 1 1 1 
v -1523.21 197.372 155.678 1 1 1 1 
v -1523.21 197.372 156.678 1 1 1 1 
v -1528.21 197.372 156.678 1 1 1 1 
v -1528.21 197.372 155.678 1 1 1 1 
v -1528.21 196.372 156.678 1 1 1 1 
v -1528.21 196.372 155.678 1 1 1 1 
v -1528.21 197.372 155.678 1 1 1 1 
v -1523.21 197.372 155.678 1 1 1 1 
v -1528.21 196.372 155.678 1 1 1 1 
v -1523.21 196.372 155.678 1 1 1 1 
v -1523.21 196.372 155.678 1 1 1 1 
v -1523.21 196.372 156.678 1 1 1 1 
v -1528.21 196.372 155.678 1 1 1 1 
v -1528.21 196.372 156.678 1 1 1 1 
v -1523.21 197.372 155.678 1 1 1 1 
v -1523.21 197.372 156.678 1 1 1 1 
v -1523.21 196.372 155.678 1 1 1 1 
v -1523.21 196.372 156.678 1 1 1 1 

vn 0 0 1 
vn 0 0 1 
vn 0 0 1 
vn 0 0 1 
vn 0 1 0 
vn 0 1 0 
vn 0 1 0 
vn 0 1 0 
vn -1 0 0 
vn -1 0 0 
vn -1 0 0 
vn -1 0 0 
vn 0 0 -1 
vn 0 0 -1 
vn 0 0 -1 
vn 0 0 -1 
vn 0 -1 0 
vn 0 -1 0 
vn 0 -1 0 
vn 0 -1 0 
vn 1 0 0 
vn 1 0 0 
vn 1 0 0 
vn 1 0 0 

vt 1.375 -1.75 
vt 0.75 -1.75 
vt 1.375 -1.875 
vt 0.75 -1.875 
vt 0.874969 -1.75 
vt 0.75 -1.75 
vt 0.874969 -2.375 
vt 0.75 -2.375 
vt 0.874969 -1.75 
vt 0.75 -1.75 
vt 0.874969 -1.875 
vt 0.75 -1.875 
vt 1.375 -1.75 
vt 0.75 -1.75 
vt 1.375 -1.875 
vt 0.75 -1.875 
vt 0.874969 -1.75 
vt 0.75 -1.75 
vt 0.874969 -2.375 
vt 0.75 -2.375 
vt 0.874969 -1.75 
vt 0.75 -1.75 
vt 0.874969 -1.875 
vt 0.75 -1.875 

usemtl Part1Mtl

f 619/619/619 620/620/620 621/621/621 
f 621/621/621 620/620/620 622/622/622 
f 623/623/623 624/624/624 625/625/625 
f 625/625/625 624/624/624 626/626/626 
f 627/627/627 628/628/628 629/629/629 
f 629/629/629 628/628/628 630/630/630 
f 631/631/631 632/632/632 633/633/633 
f 633/633/633 632/632/632 634/634/634 
f 635/635/635 636/636/636 637/637/637 
f 637/637/637 636/636/636 638/638/638 
f 639/639/639 640/640/640 641/641/641 
f 641/641/641 640/640/640 642/642/642 

g Part24

v -1525.71 184.372 148.678 1 1 1 1 
v -1525.71 184.372 156.678 1 1 1 1 
v -1527.28 184.372 156.523 1 1 1 1 
v -1529.29 184.372 155.833 1 1 1 1 
v -1531.37 184.372 154.335 1 1 1 1 
v -1532.87 184.372 152.256 1 1 1 1 
v -1533.56 184.372 150.247 1 1 1 1 
v -1533.71 184.372 148.678 1 1 1 1 
v -1533.71 184.372 148.678 1 1 1 1 
v -1533.56 184.372 147.109 1 1 1 1 
v -1532.87 184.372 145.1 1 1 1 1 
v -1531.37 184.372 143.021 1 1 1 1 
v -1529.29 184.372 141.522 1 1 1 1 
v -1527.28 184.372 140.833 1 1 1 1 
v -1525.71 184.372 140.678 1 1 1 1 
v -1525.71 184.372 140.678 1 1 1 1 
v -1524.14 184.372 140.833 1 1 1 1 
v -1522.13 184.372 141.522 1 1 1 1 
v -1520.06 184.372 143.021 1 1 1 1 
v -1518.56 184.372 145.1 1 1 1 1 
v -1517.87 184.372 147.109 1 1 1 1 
v -1517.71 184.372 148.678 1 1 1 1 
v -1517.71 184.372 148.678 1 1 1 1 
v -1517.87 184.372 150.247 1 1 1 1 
v -1518.56 184.372 152.256 1 1 1 1 
v -1520.06 184.372 154.335 1 1 1 1 
v -1522.13 184.372 155.833 1 1 1 1 
v -1524.14 184.372 156.523 1 1 1 1 
v -1525.71 184.372 156.678 1 1 1 1 
v -1517.71 183.372 148.678 1 1 1 1 
v -1517.71 184.372 148.678 1 1 1 1 
v -1517.87 183.372 150.247 1 1 1 1 
v -1517.87 184.372 150.247 1 1 1 1 
v -1518.56 183.372 152.256 1 1 1 1 
v -1518.56 184.372 152.256 1 1 1 1 
v -1520.06 183.372 154.335 1 1 1 1 
v -1520.06 184.372 154.335 1 1 1 1 
v -1522.13 183.372 155.833 1 1 1 1 
v -1522.13 184.372 155.833 1 1 1 1 
v -1524.14 183.372 156.523 1 1 1 1 
v -1524.14 184.372 156.523 1 1 1 1 
v -1525.71 183.372 156.678 1 1 1 1 
v -1525.71 184.372 156.678 1 1 1 1 
v -1517.71 184.372 148.678 1 1 1 1 
v -1517.71 183.372 148.678 1 1 1 1 
v -1517.87 184.372 147.109 1 1 1 1 
v -1517.87 183.372 147.109 1 1 1 1 
v -1518.56 184.372 145.1 1 1 1 1 
v -1518.56 183.372 145.1 1 1 1 1 
v -1520.06 184.372 143.021 1 1 1 1 
v -1520.06 183.372 143.021 1 1 1 1 
v -1522.13 184.372 141.522 1 1 1 1 
v -1522.13 183.372 141.522 1 1 1 1 
v -1524.14 184.372 140.833 1 1 1 1 
v -1524.14 183.372 140.833 1 1 1 1 
v -1525.71 184.372 140.678 1 1 1 1 
v -1525.71 183.372 140.678 1 1 1 1 
v -1525.71 183.372 148.678 1 1 1 1 
v -1517.71 183.372 148.678 1 1 1 1 
v -1517.87 183.372 147.109 1 1 1 1 
v -1518.56 183.372 145.1 1 1 1 1 
v -1520.06 183.372 143.021 1 1 1 1 
v -1522.13 183.372 141.522 1 1 1 1 
v -1524.14 183.372 140.833 1 1 1 1 
v -1525.71 183.372 140.678 1 1 1 1 
v -1525.71 183.372 140.678 1 1 1 1 
v -1527.28 183.372 140.833 1 1 1 1 
v -1529.29 183.372 141.522 1 1 1 1 
v -1531.37 183.372 143.021 1 1 1 1 
v -1532.87 183.372 145.1 1 1 1 1 
v -1533.56 183.372 147.109 1 1 1 1 
v -1533.71 183.372 148.678 1 1 1 1 
v -1533.71 183.372 148.678 1 1 1 1 
v -1533.56 183.372 150.247 1 1 1 1 
v -1532.87 183.372 152.256 1 1 1 1 
v -1531.37 183.372 154.335 1 1 1 1 
v -1529.29 183.372 155.833 1 1 1 1 
v -1527.28 183.372 156.523 1 1 1 1 
v -1525.71 183.372 156.678 1 1 1 1 
v -1525.71 183.372 156.678 1 1 1 1 
v -1524.14 183.372 156.523 1 1 1 1 
v -1522.13 183.372 155.833 1 1 1 1 
v -1520.06 183.372 154.335 1 1 1 1 
v -1518.56 183.372 152.256 1 1 1 1 
v -1517.87 183.372 150.247 1 1 1 1 
v -1517.71 183.372 148.678 1 1 1 1 
v -1533.71 183.372 148.678 1 1 1 1 
v -1533.71 184.372 148.678 1 1 1 1 
v -1533.56 183.372 147.109 1 1 1 1 
v -1533.56 184.372 147.109 1 1 1 1 
v -1532.87 183.372 145.1 1 1 1 1 
v -1532.87 184.372 145.1 1 1 1 1 
v -1531.37 183.372 143.021 1 1 1 1 
v -1531.37 184.372 143.021 1 1 1 1 
v -1529.29 183.372 141.522 1 1 1 1 
v -1529.29 184.372 141.522 1 1 1 1 
v -1527.28 183.372 140.833 1 1 1 1 
v -1527.28 184.372 140.833 1 1 1 1 
v -1525.71 183.372 140.678 1 1 1 1 
v -1525.71 184.372 140.678 1 1 1 1 
v -1525.71 183.372 156.678 1 1 1 1 
v -1525.71 184.372 156.678 1 1 1 1 
v -1527.28 183.372 156.523 1 1 1 1 
v -1527.28 184.372 156.523 1 1 1 1 
v -1529.29 183.372 155.833 1 1 1 1 
v -1529.29 184.372 155.833 1 1 1 1 
v -1531.37 183.372 154.335 1 1 1 1 
v -1531.37 184.372 154.335 1 1 1 1 
v -1532.87 183.372 152.256 1 1 1 1 
v -1532.87 184.372 152.256 1 1 1 1 
v -1533.56 183.372 150.247 1 1 1 1 
v -1533.56 184.372 150.247 1 1 1 1 
v -1533.71 183.372 148.678 1 1 1 1 
v -1533.71 184.372 148.678 1 1 1 1 

vn 0 1 0 
vn 0 1 0 
vn 0 1 0 
vn 0 1 0 
vn 0 1 0 
vn 0 1 0 
vn 0 1 0 
vn 0 1 0 
vn 0 1 0 
vn 0 1 0 
vn 0 1 0 
vn 0 1 0 
vn 0 1 0 
vn 0 1 0 
vn 0 1 0 
vn 0 1 0 
vn 0 1 0 
vn 0 1 0 
vn 0 1 0 
vn 0 1 0 
vn 0 1 0 
vn 0 1 0 
vn 0 1 0 
vn 0 1 0 
vn 0 1 0 
vn 0 1 0 
vn 0 1 0 
vn 0 1 0 
vn 0 1 0 
vn 1 0 0 
vn 1 0 0 
vn 0.984252 0 0.19685 
vn 0.984252 0 0.19685 
vn 0.897638 0 0.448819 
vn 0.897638 0 0.448819 
vn 0.708661 0 0.708661 
vn 0.708661 0 0.708661 
vn 0.448819 0 0.897638 
vn 0.448819 0 0.897638 
vn 0.19685 0 0.984252 
vn 0.19685 0 0.984252 
vn 0 0 1 
vn 0 0 1 
vn 1 0 0 
vn 1 0 0 
vn 0.984252 0 -0.19685 
vn 0.984252 0 -0.19685 
vn 0.897638 0 -0.448819 
vn 0.897638 0 -0.448819 
vn 0.708661 0 -0.708661 
vn 0.708661 0 -0.708661 
vn 0.448819 0 -0.897638 
vn 0.448819 0 -0.897638 
vn 0.19685 0 -0.984252 
vn 0.19685 0 -0.984252 
vn 0 0 -1 
vn 0 0 -1 
vn 0 -1 0 
vn 0 -1 0 
vn 0 -1 0 
vn 0 -1 0 
vn 0 -1 0 
vn 0 -1 0 
vn 0 -1 0 
vn 0 -1 0 
vn 0 -1 0 
vn 0 -1 0 
vn 0 -1 0 
vn 0 -1 0 
vn 0 -1 0 
vn 0 -1 0 
vn 0 -1 0 
vn 0 -1 0 
vn 0 -1 0 
vn 0 -1 0 
vn 0 -1 0 
vn 0 -1 0 
vn 0 -1 0 
vn 0 -1 0 
vn 0 -1 0 
vn 0 -1 0 
vn 0 -1 0 
vn 0 -1 0 
vn 0 -1 0 
vn 0 -1 0 
vn 0 -1 0 
vn -1 0 0 
vn -1 0 0 
vn -0.984252 0 -0.19685 
vn -0.984252 0 -0.19685 
vn -0.897638 0 -0.448819 
vn -0.897638 0 -0.448819 
vn -0.708661 0 -0.708661 
vn -0.708661 0 -0.708661 
vn -0.448819 0 -0.897638 
vn -0.448819 0 -0.897638 
vn -0.19685 0 -0.984252 
vn -0.19685 0 -0.984252 
vn 0 0 -1 
vn 0 0 -1 
vn 0 0 1 
vn 0 0 1 
vn -0.19685 0 0.984252 
vn -0.19685 0 0.984252 
vn -0.448819 0 0.897638 
vn -0.448819 0 0.897638 
vn -0.708661 0 0.708661 
vn -0.708661 0 0.708661 
vn -0.897638 0 0.448819 
vn -0.897638 0 0.448819 
vn -0.984252 0 0.19685 
vn -0.984252 0 0.19685 
vn -1 0 0 
vn -1 0 0 

vt 7.25 -1.5 
vt 7.95711 -0.792893 
vt 8.08205 -0.9453 
vt 8.19868 -1.18377 
vt 8.25 -1.5 
vt 8.19868 -1.81623 
vt 8.08205 -2.0547 
vt 7.95711 -2.20711 
vt 7.95711 -2.20711 
vt 7.8047 -2.33205 
vt 7.56623 -2.44868 
vt 7.25 -2.5 
vt 6.93377 -2.44868 
vt 6.6953 -2.33205 
vt 6.54289 -2.20711 
vt 6.54289 -2.20711 
vt 6.41795 -2.0547 
vt 6.30132 -1.81623 
vt 6.25 -1.5 
vt 6.30132 -1.18377 
vt 6.41795 -0.9453 
vt 6.54289 -0.792893 
vt 6.54289 -0.792893 
vt 6.6953 -0.66795 
vt 6.93377 -0.551317 
vt 7.25 -0.5 
vt 7.56623 -0.551317 
vt 7.8047 -0.66795 
vt 7.95711 -0.792893 
vt 12.625 -2 
vt 12.5 -2 
vt 12.625 -2.33333 
vt 12.5 -2.33333 
vt 12.625 -2.66667 
vt 12.5 -2.66667 
vt 12.625 -3 
vt 12.5 -3 
vt 12.625 -3.33333 
vt 12.5 -3.33333 
vt 12.625 -3.66667 
vt 12.5 -3.66667 
vt 12.625 -4 
vt 12.5 -4 
vt 12.625 -2 
vt 12.5 -2 
vt 12.625 -2.33333 
vt 12.5 -2.33333 
vt 12.625 -2.66667 
vt 12.5 -2.66667 
vt 12.625 -3 
vt 12.5 -3 
vt 12.625 -3.33333 
vt 12.5 -3.33333 
vt 12.625 -3.66667 
vt 12.5 -3.66667 
vt 12.625 -4 
vt 12.5 -4 
vt 7.25 -1.5 
vt 7.95711 -0.792893 
vt 8.08205 -0.9453 
vt 8.19868 -1.18377 
vt 8.25 -1.5 
vt 8.19868 -1.81623 
vt 8.08205 -2.0547 
vt 7.95711 -2.20711 
vt 7.95711 -2.20711 
vt 7.8047 -2.33205 
vt 7.56623 -2.44868 
vt 7.25 -2.5 
vt 6.93377 -2.44868 
vt 6.6953 -2.33205 
vt 6.54289 -2.20711 
vt 6.54289 -2.20711 
vt 6.41795 -2.0547 
vt 6.30132 -1.81623 
vt 6.25 -1.5 
vt 6.30132 -1.18377 
vt 6.41795 -0.9453 
vt 6.54289 -0.792893 
vt 6.54289 -0.792893 
vt 6.6953 -0.66795 
vt 6.93377 -0.551317 
vt 7.25 -0.5 
vt 7.56623 -0.551317 
vt 7.8047 -0.66795 
vt 7.95711 -0.792893 
vt 12.625 -2 
vt 12.5 -2 
vt 12.625 -2.33333 
vt 12.5 -2.33333 
vt 12.625 -2.66667 
vt 12.5 -2.66667 
vt 12.625 -3 
vt 12.5 -3 
vt 12.625 -3.33333 
vt 12.5 -3.33333 
vt 12.625 -3.66667 
vt 12.5 -3.66667 
vt 12.625 -4 
vt 12.5 -4 
vt 12.625 -2 
vt 12.5 -2 
vt 12.625 -2.33333 
vt 12.5 -2.33333 
vt 12.625 -2.66667 
vt 12.5 -2.66667 
vt 12.625 -3 
vt 12.5 -3 
vt 12.625 -3.33333 
vt 12.5 -3.33333 
vt 12.625 -3.66667 
vt 12.5 -3.66667 
vt 12.625 -4 
vt 12.5 -4 

usemtl Part1Mtl

f 643/643/643 645/645/645 644/644/644 
f 643/643/643 646/646/646 645/645/645 
f 643/643/643 647/647/647 646/646/646 
f 643/643/643 648/648/648 647/647/647 
f 643/643/643 649/649/649 648/648/648 
f 643/643/643 650/650/650 649/649/649 
f 643/643/643 652/652/652 651/651/651 
f 643/643/643 653/653/653 652/652/652 
f 643/643/643 654/654/654 653/653/653 
f 643/643/643 655/655/655 654/654/654 
f 643/643/643 656/656/656 655/655/655 
f 643/643/643 657/657/657 656/656/656 
f 643/643/643 659/659/659 658/658/658 
f 643/643/643 660/660/660 659/659/659 
f 643/643/643 661/661/661 660/660/660 
f 643/643/643 662/662/662 661/661/661 
f 643/643/643 663/663/663 662/662/662 
f 643/643/643 664/664/664 663/663/663 
f 643/643/643 666/666/666 665/665/665 
f 643/643/643 667/667/667 666/666/666 
f 643/643/643 668/668/668 667/667/667 
f 643/643/643 669/669/669 668/668/668 
f 643/643/643 670/670/670 669/669/669 
f 643/643/643 671/671/671 670/670/670 
f 672/672/672 673/673/673 674/674/674 
f 674/674/674 673/673/673 675/675/675 
f 674/674/674 675/675/675 676/676/676 
f 676/676/676 675/675/675 677/677/677 
f 676/676/676 677/677/677 678/678/678 
f 678/678/678 677/677/677 679/679/679 
f 678/678/678 679/679/679 680/680/680 
f 680/680/680 679/679/679 681/681/681 
f 680/680/680 681/681/681 682/682/682 
f 682/682/682 681/681/681 683/683/683 
f 682/682/682 683/683/683 684/684/684 
f 684/684/684 683/683/683 685/685/685 
f 686/686/686 687/687/687 688/688/688 
f 688/688/688 687/687/687 689/689/689 
f 688/688/688 689/689/689 690/690/690 
f 690/690/690 689/689/689 691/691/691 
f 690/690/690 691/691/691 692/692/692 
f 692/692/692 691/691/691 693/693/693 
f 692/692/692 693/693/693 694/694/694 
f 694/694/694 693/693/693 695/695/695 
f 694/694/694 695/695/695 696/696/696 
f 696/696/696 695/695/695 697/697/697 
f 696/696/696 697/697/697 698/698/698 
f 698/698/698 697/697/697 699/699/699 
f 700/700/700 702/702/702 701/701/701 
f 700/700/700 703/703/703 702/702/702 
f 700/700/700 704/704/704 703/703/703 
f 700/700/700 705/705/705 704/704/704 
f 700/700/700 706/706/706 705/705/705 
f 700/700/700 707/707/707 706/706/706 
f 700/700/700 709/709/709 708/708/708 
f 700/700/700 710/710/710 709/709/709 
f 700/700/700 711/711/711 710/710/710 
f 700/700/700 712/712/712 711/711/711 
f 700/700/700 713/713/713 712/712/712 
f 700/700/700 714/714/714 713/713/713 
f 700/700/700 716/716/716 715/715/715 
f 700/700/700 717/717/717 716/716/716 
f 700/700/700 718/718/718 717/717/717 
f 700/700/700 719/719/719 718/718/718 
f 700/700/700 720/720/720 719/719/719 
f 700/700/700 721/721/721 720/720/720 
f 700/700/700 723/723/723 722/722/722 
f 700/700/700 724/724/724 723/723/723 
f 700/700/700 725/725/725 724/724/724 
f 700/700/700 726/726/726 725/725/725 
f 700/700/700 727/727/727 726/726/726 
f 700/700/700 728/728/728 727/727/727 
f 729/729/729 730/730/730 731/731/731 
f 731/731/731 730/730/730 732/732/732 
f 731/731/731 732/732/732 733/733/733 
f 733/733/733 732/732/732 734/734/734 
f 733/733/733 734/734/734 735/735/735 
f 735/735/735 734/734/734 736/736/736 
f 735/735/735 736/736/736 737/737/737 
f 737/737/737 736/736/736 738/738/738 
f 737/737/737 738/738/738 739/739/739 
f 739/739/739 738/738/738 740/740/740 
f 739/739/739 740/740/740 741/741/741 
f 741/741/741 740/740/740 742/742/742 
f 743/743/743 744/744/744 745/745/745 
f 745/745/745 744/744/744 746/746/746 
f 745/745/745 746/746/746 747/747/747 
f 747/747/747 746/746/746 748/748/748 
f 747/747/747 748/748/748 749/749/749 
f 749/749/749 748/748/748 750/750/750 
f 749/749/749 750/750/750 751/751/751 
f 751/751/751 750/750/750 752/752/752 
f 751/751/751 752/752/752 753/753/753 
f 753/753/753 752/752/752 754/754/754 
f 753/753/753 754/754/754 755/755/755 
f 755/755/755 754/754/754 756/756/756 

g Part25

v -1531.72 200.372 143.374 1 1 1 1 
v -1531.02 200.372 142.667 1 1 1 1 
v -1531.72 184.372 143.374 1 1 1 1 
v -1531.02 184.372 142.667 1 1 1 1 
v -1530.31 200.372 143.374 1 1 1 1 
v -1531.02 200.372 142.667 1 1 1 1 
v -1531.02 200.372 144.081 1 1 1 1 
v -1531.72 200.372 143.374 1 1 1 1 
v -1531.02 200.372 142.667 1 1 1 1 
v -1530.31 200.372 143.374 1 1 1 1 
v -1531.02 184.372 142.667 1 1 1 1 
v -1530.31 184.372 143.374 1 1 1 1 
v -1530.31 200.372 143.374 1 1 1 1 
v -1531.02 200.372 144.081 1 1 1 1 
v -1530.31 184.372 143.374 1 1 1 1 
v -1531.02 184.372 144.081 1 1 1 1 
v -1531.02 184.372 144.081 1 1 1 1 
v -1531.72 184.372 143.374 1 1 1 1 
v -1530.31 184.372 143.374 1 1 1 1 
v -1531.02 184.372 142.667 1 1 1 1 
v -1531.02 200.372 144.081 1 1 1 1 
v -1531.72 200.372 143.374 1 1 1 1 
v -1531.02 184.372 144.081 1 1 1 1 
v -1531.72 184.372 143.374 1 1 1 1 

vn -0.708661 0 -0.708661 
vn -0.708661 0 -0.708661 
vn -0.708661 0 -0.708661 
vn -0.708661 0 -0.708661 
vn 0 1 0 
vn 0 1 0 
vn 0 1 0 
vn 0 1 0 
vn 0.708661 0 -0.708661 
vn 0.708661 0 -0.708661 
vn 0.708661 0 -0.708661 
vn 0.708661 0 -0.708661 
vn 0.708661 0 0.708661 
vn 0.708661 0 0.708661 
vn 0.708661 0 0.708661 
vn 0.708661 0 0.708661 
vn 0 -1 0 
vn 0 -1 0 
vn 0 -1 0 
vn 0 -1 0 
vn -0.708661 0 0.708661 
vn -0.708661 0 0.708661 
vn -0.708661 0 0.708661 
vn -0.708661 0 0.708661 

vt 7.125 0.75 
vt 7 0.75 
vt 7.125 -1.25 
vt 7 -1.25 
vt 7.12497 0.75 
vt 7 0.75 
vt 7.12497 0.625 
vt 7 0.625 
vt 7.12497 0.75 
vt 7 0.75 
vt 7.12497 -1.25 
vt 7 -1.25 
vt 7.125 0.75 
vt 7 0.75 
vt 7.125 -1.25 
vt 7 -1.25 
vt 7.12497 0.75 
vt 7 0.75 
vt 7.12497 0.625 
vt 7 0.625 
vt 7.12497 0.75 
vt 7 0.75 
vt 7.12497 -1.25 
vt 7 -1.25 

usemtl Part1Mtl

f 757/757/757 758/758/758 759/759/759 
f 759/759/759 758/758/758 760/760/760 
f 761/761/761 762/762/762 763/763/763 
f 763/763/763 762/762/762 764/764/764 
f 765/765/765 766/766/766 767/767/767 
f 767/767/767 766/766/766 768/768/768 
f 769/769/769 770/770/770 771/771/771 
f 771/771/771 770/770/770 772/772/772 
f 773/773/773 774/774/774 775/775/775 
f 775/775/775 774/774/774 776/776/776 
f 777/777/777 778/778/778 779/779/779 
f 779/779/779 778/778/778 780/780/780 

g Part26

v -1527.8 197.372 141.545 1 1 1 1 
v -1531.85 197.372 144.484 1 1 1 1 
v -1527.8 196.372 141.545 1 1 1 1 
v -1531.85 196.372 144.484 1 1 1 1 
v -1532.44 197.372 143.675 1 1 1 1 
v -1531.85 197.372 144.484 1 1 1 1 
v -1528.39 197.372 140.736 1 1 1 1 
v -1527.8 197.372 141.545 1 1 1 1 
v -1531.85 197.372 144.484 1 1 1 1 
v -1532.44 197.372 143.675 1 1 1 1 
v -1531.85 196.372 144.484 1 1 1 1 
v -1532.44 196.372 143.675 1 1 1 1 
v -1532.44 197.372 143.675 1 1 1 1 
v -1528.39 197.372 140.736 1 1 1 1 
v -1532.44 196.372 143.675 1 1 1 1 
v -1528.39 196.372 140.736 1 1 1 1 
v -1528.39 196.372 140.736 1 1 1 1 
v -1527.8 196.372 141.545 1 1 1 1 
v -1532.44 196.372 143.675 1 1 1 1 
v -1531.85 196.372 144.484 1 1 1 1 
v -1528.39 197.372 140.736 1 1 1 1 
v -1527.8 197.372 141.545 1 1 1 1 
v -1528.39 196.372 140.736 1 1 1 1 
v -1527.8 196.372 141.545 1 1 1 1 

vn 0.590551 0 0.811024 
vn 0.590551 0 0.811024 
vn 0.590551 0 0.811024 
vn 0.590551 0 0.811024 
vn 0 1 0 
vn 0 1 0 
vn 0 1 0 
vn 0 1 0 
vn -0.811024 0 0.590551 
vn -0.811024 0 0.590551 
vn -0.811024 0 0.590551 
vn -0.811024 0 0.590551 
vn -0.590551 0 -0.811024 
vn -0.590551 0 -0.811024 
vn -0.590551 0 -0.811024 
vn -0.590551 0 -0.811024 
vn 0 -1 0 
vn 0 -1 0 
vn 0 -1 0 
vn 0 -1 0 
vn 0.811024 0 -0.590551 
vn 0.811024 0 -0.590551 
vn 0.811024 0 -0.590551 
vn 0.811024 0 -0.590551 

vt 2.125 -4.5 
vt 1.5 -4.5 
vt 2.125 -4.625 
vt 1.5 -4.625 
vt 1.62497 -4.5 
vt 1.5 -4.5 
vt 1.62497 -5.125 
vt 1.5 -5.125 
vt 1.62497 -4.5 
vt 1.5 -4.5 
vt 1.62497 -4.625 
vt 1.5 -4.625 
vt 2.125 -4.5 
vt 1.5 -4.5 
vt 2.125 -4.625 
vt 1.5 -4.625 
vt 1.62497 -4.5 
vt 1.5 -4.5 
vt 1.62497 -5.125 
vt 1.5 -5.125 
vt 1.62497 -4.5 
vt 1.5 -4.5 
vt 1.62497 -4.625 
vt 1.5 -4.625 

usemtl Part1Mtl

f 781/781/781 782/782/782 783/783/783 
f 783/783/783 782/782/782 784/784/784 
f 785/785/785 786/786/786 787/787/787 
f 787/787/787 786/786/786 788/788/788 
f 789/789/789 790/790/790 791/791/791 
f 791/791/791 790/790/790 792/792/792 
f 793/793/793 794/794/794 795/795/795 
f 795/795/795 794/794/794 796/796/796 
f 797/797/797 798/798/798 799/799/799 
f 799/799/799 798/798/798 800/800/800 
f 801/801/801 802/802/802 803/803/803 
f 803/803/803 802/802/802 804/804/804 

g Part27

v -1528.39 197.372 156.619 1 1 1 1 
v -1532.44 197.372 153.68 1 1 1 1 
v -1528.39 196.372 156.619 1 1 1 1 
v -1532.44 196.372 153.68 1 1 1 1 
v -1531.85 197.372 152.872 1 1 1 1 
v -1532.44 197.372 153.68 1 1 1 1 
v -1527.8 197.372 155.811 1 1 1 1 
v -1528.39 197.372 156.619 1 1 1 1 
v -1532.44 197.372 153.68 1 1 1 1 
v -1531.85 197.372 152.872 1 1 1 1 
v -1532.44 196.372 153.68 1 1 1 1 
v -1531.85 196.372 152.872 1 1 1 1 
v -1531.85 197.372 152.872 1 1 1 1 
v -1527.8 197.372 155.811 1 1 1 1 
v -1531.85 196.372 152.872 1 1 1 1 
v -1527.8 196.372 155.811 1 1 1 1 
v -1527.8 196.372 155.811 1 1 1 1 
v -1528.39 196.372 156.619 1 1 1 1 
v -1531.85 196.372 152.872 1 1 1 1 
v -1532.44 196.372 153.68 1 1 1 1 
v -1527.8 197.372 155.811 1 1 1 1 
v -1528.39 197.372 156.619 1 1 1 1 
v -1527.8 196.372 155.811 1 1 1 1 
v -1528.39 196.372 156.619 1 1 1 1 

vn -0.590551 0 0.811024 
vn -0.590551 0 0.811024 
vn -0.590551 0 0.811024 
vn -0.590551 0 0.811024 
vn 0 1 0 
vn 0 1 0 
vn 0 1 0 
vn 0 1 0 
vn -0.811024 0 -0.590551 
vn -0.811024 0 -0.590551 
vn -0.811024 0 -0.590551 
vn -0.811024 0 -0.590551 
vn 0.590551 0 -0.811024 
vn 0.590551 0 -0.811024 
vn 0.590551 0 -0.811024 
vn 0.590551 0 -0.811024 
vn 0 -1 0 
vn 0 -1 0 
vn 0 -1 0 
vn 0 -1 0 
vn 0.811024 0 0.590551 
vn 0.811024 0 0.590551 
vn 0.811024 0 0.590551 
vn 0.811024 0 0.590551 

vt 1.375 -2.75 
vt 0.75 -2.75 
vt 1.375 -2.875 
vt 0.75 -2.875 
vt 0.874969 -2.75 
vt 0.75 -2.75 
vt 0.874969 -3.375 
vt 0.75 -3.375 
vt 0.874969 -2.75 
vt 0.75 -2.75 
vt 0.874969 -2.875 
vt 0.75 -2.875 
vt 1.375 -2.75 
vt 0.75 -2.75 
vt 1.375 -2.875 
vt 0.75 -2.875 
vt 0.874969 -2.75 
vt 0.75 -2.75 
vt 0.874969 -3.375 
vt 0.75 -3.375 
vt 0.874969 -2.75 
vt 0.75 -2.75 
vt 0.874969 -2.875 
vt 0.75 -2.875 

usemtl Part1Mtl

f 805/805/805 806/806/806 807/807/807 
f 807/807/807 806/806/806 808/808/808 
f 809/809/809 810/810/810 811/811/811 
f 811/811/811 810/810/810 812/812/812 
f 813/813/813 814/814/814 815/815/815 
f 815/815/815 814/814/814 816/816/816 
f 817/817/817 818/818/818 819/819/819 
f 819/819/819 818/818/818 820/820/820 
f 821/821/821 822/822/822 823/823/823 
f 823/823/823 822/822/822 824/824/824 
f 825/825/825 826/826/826 827/827/827 
f 827/827/827 826/826/826 828/828/828 

g Part28

v -1527.8 188.372 141.545 1 1 1 1 
v -1531.85 188.372 144.484 1 1 1 1 
v -1527.8 187.372 141.545 1 1 1 1 
v -1531.85 187.372 144.484 1 1 1 1 
v -1532.44 188.372 143.675 1 1 1 1 
v -1531.85 188.372 144.484 1 1 1 1 
v -1528.39 188.372 140.736 1 1 1 1 
v -1527.8 188.372 141.545 1 1 1 1 
v -1531.85 188.372 144.484 1 1 1 1 
v -1532.44 188.372 143.675 1 1 1 1 
v -1531.85 187.372 144.484 1 1 1 1 
v -1532.44 187.372 143.675 1 1 1 1 
v -1532.44 188.372 143.675 1 1 1 1 
v -1528.39 188.372 140.736 1 1 1 1 
v -1532.44 187.372 143.675 1 1 1 1 
v -1528.39 187.372 140.736 1 1 1 1 
v -1528.39 187.372 140.736 1 1 1 1 
v -1527.8 187.372 141.545 1 1 1 1 
v -1532.44 187.372 143.675 1 1 1 1 
v -1531.85 187.372 144.484 1 1 1 1 
v -1528.39 188.372 140.736 1 1 1 1 
v -1527.8 188.372 141.545 1 1 1 1 
v -1528.39 187.372 140.736 1 1 1 1 
v -1527.8 187.372 141.545 1 1 1 1 

vn 0.590551 0 0.811024 
vn 0.590551 0 0.811024 
vn 0.590551 0 0.811024 
vn 0.590551 0 0.811024 
vn 0 1 0 
vn 0 1 0 
vn 0 1 0 
vn 0 1 0 
vn -0.811024 0 0.590551 
vn -0.811024 0 0.590551 
vn -0.811024 0 0.590551 
vn -0.811024 0 0.590551 
vn -0.590551 0 -0.811024 
vn -0.590551 0 -0.811024 
vn -0.590551 0 -0.811024 
vn -0.590551 0 -0.811024 
vn 0 -1 0 
vn 0 -1 0 
vn 0 -1 0 
vn 0 -1 0 
vn 0.811024 0 -0.590551 
vn 0.811024 0 -0.590551 
vn 0.811024 0 -0.590551 
vn 0.811024 0 -0.590551 

vt 4.375 -0.75 
vt 3.75 -0.75 
vt 4.375 -0.874998 
vt 3.75 -0.874998 
vt 3.87497 -0.75 
vt 3.75 -0.75 
vt 3.87497 -1.375 
vt 3.75 -1.375 
vt 3.87497 -0.75 
vt 3.75 -0.75 
vt 3.87497 -0.874998 
vt 3.75 -0.874998 
vt 4.375 -0.75 
vt 3.75 -0.75 
vt 4.375 -0.874998 
vt 3.75 -0.874998 
vt 3.87497 -0.75 
vt 3.75 -0.75 
vt 3.87497 -1.375 
vt 3.75 -1.375 
vt 3.87497 -0.75 
vt 3.75 -0.75 
vt 3.87497 -0.874998 
vt 3.75 -0.874998 

usemtl Part1Mtl

f 829/829/829 830/830/830 831/831/831 
f 831/831/831 830/830/830 832/832/832 
f 833/833/833 834/834/834 835/835/835 
f 835/835/835 834/834/834 836/836/836 
f 837/837/837 838/838/838 839/839/839 
f 839/839/839 838/838/838 840/840/840 
f 841/841/841 842/842/842 843/843/843 
f 843/843/843 842/842/842 844/844/844 
f 845/845/845 846/846/846 847/847/847 
f 847/847/847 846/846/846 848/848/848 
f 849/849/849 850/850/850 851/851/851 
f 851/851/851 850/850/850 852/852/852 

g Part29

v -1531.02 200.372 153.274 1 1 1 1 
v -1530.31 200.372 153.981 1 1 1 1 
v -1531.02 184.372 153.274 1 1 1 1 
v -1530.31 184.372 153.981 1 1 1 1 
v -1531.02 200.372 154.688 1 1 1 1 
v -1530.31 200.372 153.981 1 1 1 1 
v -1531.72 200.372 153.981 1 1 1 1 
v -1531.02 200.372 153.274 1 1 1 1 
v -1530.31 200.372 153.981 1 1 1 1 
v -1531.02 200.372 154.688 1 1 1 1 
v -1530.31 184.372 153.981 1 1 1 1 
v -1531.02 184.372 154.688 1 1 1 1 
v -1531.02 200.372 154.688 1 1 1 1 
v -1531.72 200.372 153.981 1 1 1 1 
v -1531.02 184.372 154.688 1 1 1 1 
v -1531.72 184.372 153.981 1 1 1 1 
v -1531.72 184.372 153.981 1 1 1 1 
v -1531.02 184.372 153.274 1 1 1 1 
v -1531.02 184.372 154.688 1 1 1 1 
v -1530.31 184.372 153.981 1 1 1 1 
v -1531.72 200.372 153.981 1 1 1 1 
v -1531.02 200.372 153.274 1 1 1 1 
v -1531.72 184.372 153.981 1 1 1 1 
v -1531.02 184.372 153.274 1 1 1 1 

vn 0.708661 0 -0.708661 
vn 0.708661 0 -0.708661 
vn 0.708661 0 -0.708661 
vn 0.708661 0 -0.708661 
vn 0 1 0 
vn 0 1 0 
vn 0 1 0 
vn 0 1 0 
vn 0.708661 0 0.708661 
vn 0.708661 0 0.708661 
vn 0.708661 0 0.708661 
vn 0.708661 0 0.708661 
vn -0.708661 0 0.708661 
vn -0.708661 0 0.708661 
vn -0.708661 0 0.708661 
vn -0.708661 0 0.708661 
vn 0 -1 0 
vn 0 -1 0 
vn 0 -1 0 
vn 0 -1 0 
vn -0.708661 0 -0.708661 
vn -0.708661 0 -0.708661 
vn -0.708661 0 -0.708661 
vn -0.708661 0 -0.708661 

vt 5.625 -4.75 
vt 5.5 -4.75 
vt 5.625 -6.75 
vt 5.5 -6.75 
vt 5.62497 -4.75 
vt 5.5 -4.75 
vt 5.62497 -4.875 
vt 5.5 -4.875 
vt 5.62497 -4.75 
vt 5.5 -4.75 
vt 5.62497 -6.75 
vt 5.5 -6.75 
vt 5.625 -4.75 
vt 5.5 -4.75 
vt 5.625 -6.75 
vt 5.5 -6.75 
vt 5.62497 -4.75 
vt 5.5 -4.75 
vt 5.62497 -4.875 
vt 5.5 -4.875 
vt 5.62497 -4.75 
vt 5.5 -4.75 
vt 5.62497 -6.75 
vt 5.5 -6.75 

usemtl Part1Mtl

f 853/853/853 854/854/854 855/855/855 
f 855/855/855 854/854/854 856/856/856 
f 857/857/857 858/858/858 859/859/859 
f 859/859/859 858/858/858 860/860/860 
f 861/861/861 862/862/862 863/863/863 
f 863/863/863 862/862/862 864/864/864 
f 865/865/865 866/866/866 867/867/867 
f 867/867/867 866/866/866 868/868/868 
f 869/869/869 870/870/870 871/871/871 
f 871/871/871 870/870/870 872/872/872 
f 873/873/873 874/874/874 875/875/875 
f 875/875/875 874/874/874 876/876/876 

g Part30

v -1533.71 188.372 151.178 1 1 1 1 
v -1533.71 188.372 146.178 1 1 1 1 
v -1533.71 187.372 151.178 1 1 1 1 
v -1533.71 187.372 146.178 1 1 1 1 
v -1532.71 188.372 146.178 1 1 1 1 
v -1533.71 188.372 146.178 1 1 1 1 
v -1532.71 188.372 151.178 1 1 1 1 
v -1533.71 188.372 151.178 1 1 1 1 
v -1533.71 188.372 146.178 1 1 1 1 
v -1532.71 188.372 146.178 1 1 1 1 
v -1533.71 187.372 146.178 1 1 1 1 
v -1532.71 187.372 146.178 1 1 1 1 
v -1532.71 188.372 146.178 1 1 1 1 
v -1532.71 188.372 151.178 1 1 1 1 
v -1532.71 187.372 146.178 1 1 1 1 
v -1532.71 187.372 151.178 1 1 1 1 
v -1532.71 187.372 151.178 1 1 1 1 
v -1533.71 187.372 151.178 1 1 1 1 
v -1532.71 187.372 146.178 1 1 1 1 
v -1533.71 187.372 146.178 1 1 1 1 
v -1532.71 188.372 151.178 1 1 1 1 
v -1533.71 188.372 151.178 1 1 1 1 
v -1532.71 187.372 151.178 1 1 1 1 
v -1533.71 187.372 151.178 1 1 1 1 

vn -1 0 0 
vn -1 0 0 
vn -1 0 0 
vn -1 0 0 
vn 0 1 0 
vn 0 1 0 
vn 0 1 0 
vn 0 1 0 
vn 0 0 -1 
vn 0 0 -1 
vn 0 0 -1 
vn 0 0 -1 
vn 1 0 0 
vn 1 0 0 
vn 1 0 0 
vn 1 0 0 
vn 0 -1 0 
vn 0 -1 0 
vn 0 -1 0 
vn 0 -1 0 
vn 0 0 1 
vn 0 0 1 
vn 0 0 1 
vn 0 0 1 

vt 2.375 1 
vt 1.75 1 
vt 2.375 0.875002 
vt 1.75 0.875002 
vt 1.87497 1 
vt 1.75 1 
vt 1.87497 0.375 
vt 1.75 0.375 
vt 1.87497 1 
vt 1.75 1 
vt 1.87497 0.875002 
vt 1.75 0.875002 
vt 2.375 1 
vt 1.75 1 
vt 2.375 0.875002 
vt 1.75 0.875002 
vt 1.87497 1 
vt 1.75 1 
vt 1.87497 0.375 
vt 1.75 0.375 
vt 1.87497 1 
vt 1.75 1 
vt 1.87497 0.875002 
vt 1.75 0.875002 

usemtl Part1Mtl

f 877/877/877 878/878/878 879/879/879 
f 879/879/879 878/878/878 880/880/880 
f 881/881/881 882/882/882 883/883/883 
f 883/883/883 882/882/882 884/884/884 
f 885/885/885 886/886/886 887/887/887 
f 887/887/887 886/886/886 888/888/888 
f 889/889/889 890/890/890 891/891/891 
f 891/891/891 890/890/890 892/892/892 
f 893/893/893 894/894/894 895/895/895 
f 895/895/895 894/894/894 896/896/896 
f 897/897/897 898/898/898 899/899/899 
f 899/899/899 898/898/898 900/900/900 

g Part31

v -1533.71 187.372 149.178 1 1 1 1 
v -1533.71 187.372 148.178 1 1 1 1 
v -1533.71 184.372 149.178 1 1 1 1 
v -1533.71 184.372 148.178 1 1 1 1 
v -1532.71 187.372 148.178 1 1 1 1 
v -1533.71 187.372 148.178 1 1 1 1 
v -1532.71 187.372 149.178 1 1 1 1 
v -1533.71 187.372 149.178 1 1 1 1 
v -1533.71 187.372 148.178 1 1 1 1 
v -1532.71 187.372 148.178 1 1 1 1 
v -1533.71 184.372 148.178 1 1 1 1 
v -1532.71 184.372 148.178 1 1 1 1 
v -1532.71 187.372 148.178 1 1 1 1 
v -1532.71 187.372 149.178 1 1 1 1 
v -1532.71 184.372 148.178 1 1 1 1 
v -1532.71 184.372 149.178 1 1 1 1 
v -1532.71 184.372 149.178 1 1 1 1 
v -1533.71 184.372 149.178 1 1 1 1 
v -1532.71 184.372 148.178 1 1 1 1 
v -1533.71 184.372 148.178 1 1 1 1 
v -1532.71 187.372 149.178 1 1 1 1 
v -1533.71 187.372 149.178 1 1 1 1 
v -1532.71 184.372 149.178 1 1 1 1 
v -1533.71 184.372 149.178 1 1 1 1 

vn -1 0 0 
vn -1 0 0 
vn -1 0 0 
vn -1 0 0 
vn 0 1 0 
vn 0 1 0 
vn 0 1 0 
vn 0 1 0 
vn 0 0 -1 
vn 0 0 -1 
vn 0 0 -1 
vn 0 0 -1 
vn 1 0 0 
vn 1 0 0 
vn 1 0 0 
vn 1 0 0 
vn 0 -1 0 
vn 0 -1 0 
vn 0 -1 0 
vn 0 -1 0 
vn 0 0 1 
vn 0 0 1 
vn 0 0 1 
vn 0 0 1 

vt 2.125 -3 
vt 2 -3 
vt 2.125 -3.375 
vt 2 -3.375 
vt 2.12497 -3 
vt 2 -3 
vt 2.12497 -3.125 
vt 2 -3.125 
vt 2.12497 -3 
vt 2 -3 
vt 2.12497 -3.375 
vt 2 -3.375 
vt 2.125 -3 
vt 2 -3 
vt 2.125 -3.375 
vt 2 -3.375 
vt 2.12497 -3 
vt 2 -3 
vt 2.12497 -3.125 
vt 2 -3.125 
vt 2.12497 -3 
vt 2 -3 
vt 2.12497 -3.375 
vt 2 -3.375 

usemtl Part1Mtl

f 901/901/901 902/902/902 903/903/903 
f 903/903/903 902/902/902 904/904/904 
f 905/905/905 906/906/906 907/907/907 
f 907/907/907 906/906/906 908/908/908 
f 909/909/909 910/910/910 911/911/911 
f 911/911/911 910/910/910 912/912/912 
f 913/913/913 914/914/914 915/915/915 
f 915/915/915 914/914/914 916/916/916 
f 917/917/917 918/918/918 919/919/919 
f 919/919/919 918/918/918 920/920/920 
f 921/921/921 922/922/922 923/923/923 
f 923/923/923 922/922/922 924/924/924 

g Part32

v -1530.72 188.372 155.403 1 1 1 1 
v -1533.65 188.372 151.358 1 1 1 1 
v -1530.72 187.372 155.403 1 1 1 1 
v -1533.65 187.372 151.358 1 1 1 1 
v -1532.85 188.372 150.77 1 1 1 1 
v -1533.65 188.372 151.358 1 1 1 1 
v -1529.91 188.372 154.815 1 1 1 1 
v -1530.72 188.372 155.403 1 1 1 1 
v -1533.65 188.372 151.358 1 1 1 1 
v -1532.85 188.372 150.77 1 1 1 1 
v -1533.65 187.372 151.358 1 1 1 1 
v -1532.85 187.372 150.77 1 1 1 1 
v -1532.85 188.372 150.77 1 1 1 1 
v -1529.91 188.372 154.815 1 1 1 1 
v -1532.85 187.372 150.77 1 1 1 1 
v -1529.91 187.372 154.815 1 1 1 1 
v -1529.91 187.372 154.815 1 1 1 1 
v -1530.72 187.372 155.403 1 1 1 1 
v -1532.85 187.372 150.77 1 1 1 1 
v -1533.65 187.372 151.358 1 1 1 1 
v -1529.91 188.372 154.815 1 1 1 1 
v -1530.72 188.372 155.403 1 1 1 1 
v -1529.91 187.372 154.815 1 1 1 1 
v -1530.72 187.372 155.403 1 1 1 1 

vn -0.811024 0 0.590551 
vn -0.811024 0 0.590551 
vn -0.811024 0 0.590551 
vn -0.811024 0 0.590551 
vn 0 1 0 
vn 0 1 0 
vn 0 1 0 
vn 0 1 0 
vn -0.590551 0 -0.811024 
vn -0.590551 0 -0.811024 
vn -0.590551 0 -0.811024 
vn -0.590551 0 -0.811024 
vn 0.811024 0 -0.590551 
vn 0.811024 0 -0.590551 
vn 0.811024 0 -0.590551 
vn 0.811024 0 -0.590551 
vn 0 -1 0 
vn 0 -1 0 
vn 0 -1 0 
vn 0 -1 0 
vn 0.590551 0 0.811024 
vn 0.590551 0 0.811024 
vn 0.590551 0 0.811024 
vn 0.590551 0 0.811024 

vt 8.125 -1 
vt 7.5 -1 
vt 8.125 -1.125 
vt 7.5 -1.125 
vt 7.62497 -1 
vt 7.5 -1 
vt 7.62497 -1.625 
vt 7.5 -1.625 
vt 7.62497 -1 
vt 7.5 -1 
vt 7.62497 -1.125 
vt 7.5 -1.125 
vt 8.125 -1 
vt 7.5 -1 
vt 8.125 -1.125 
vt 7.5 -1.125 
vt 7.62497 -1 
vt 7.5 -1 
vt 7.62497 -1.625 
vt 7.5 -1.625 
vt 7.62497 -1 
vt 7.5 -1 
vt 7.62497 -1.125 
vt 7.5 -1.125 

usemtl Part1Mtl

f 925/925/925 926/926/926 927/927/927 
f 927/927/927 926/926/926 928/928/928 
f 929/929/929 930/930/930 931/931/931 
f 931/931/931 930/930/930 932/932/932 
f 933/933/933 934/934/934 935/935/935 
f 935/935/935 934/934/934 936/936/936 
f 937/937/937 938/938/938 939/939/939 
f 939/939/939 938/938/938 940/940/940 
f 941/941/941 942/942/942 943/943/943 
f 943/943/943 942/942/942 944/944/944 
f 945/945/945 946/946/946 947/947/947 
f 947/947/947 946/946/946 948/948/948 

g Part33

v -1530.72 197.372 155.403 1 1 1 1 
v -1533.65 197.372 151.358 1 1 1 1 
v -1530.72 196.372 155.403 1 1 1 1 
v -1533.65 196.372 151.358 1 1 1 1 
v -1532.85 197.372 150.77 1 1 1 1 
v -1533.65 197.372 151.358 1 1 1 1 
v -1529.91 197.372 154.815 1 1 1 1 
v -1530.72 197.372 155.403 1 1 1 1 
v -1533.65 197.372 151.358 1 1 1 1 
v -1532.85 197.372 150.77 1 1 1 1 
v -1533.65 196.372 151.358 1 1 1 1 
v -1532.85 196.372 150.77 1 1 1 1 
v -1532.85 197.372 150.77 1 1 1 1 
v -1529.91 197.372 154.815 1 1 1 1 
v -1532.85 196.372 150.77 1 1 1 1 
v -1529.91 196.372 154.815 1 1 1 1 
v -1529.91 196.372 154.815 1 1 1 1 
v -1530.72 196.372 155.403 1 1 1 1 
v -1532.85 196.372 150.77 1 1 1 1 
v -1533.65 196.372 151.358 1 1 1 1 
v -1529.91 197.372 154.815 1 1 1 1 
v -1530.72 197.372 155.403 1 1 1 1 
v -1529.91 196.372 154.815 1 1 1 1 
v -1530.72 196.372 155.403 1 1 1 1 

vn -0.811024 0 0.590551 
vn -0.811024 0 0.590551 
vn -0.811024 0 0.590551 
vn -0.811024 0 0.590551 
vn 0 1 0 
vn 0 1 0 
vn 0 1 0 
vn 0 1 0 
vn -0.590551 0 -0.811024 
vn -0.590551 0 -0.811024 
vn -0.590551 0 -0.811024 
vn -0.590551 0 -0.811024 
vn 0.811024 0 -0.590551 
vn 0.811024 0 -0.590551 
vn 0.811024 0 -0.590551 
vn 0.811024 0 -0.590551 
vn 0 -1 0 
vn 0 -1 0 
vn 0 -1 0 
vn 0 -1 0 
vn 0.590551 0 0.811024 
vn 0.590551 0 0.811024 
vn 0.590551 0 0.811024 
vn 0.590551 0 0.811024 

vt 5.875 -3.5 
vt 5.25 -3.5 
vt 5.875 -3.625 
vt 5.25 -3.625 
vt 5.37497 -3.5 
vt 5.25 -3.5 
vt 5.37497 -4.125 
vt 5.25 -4.125 
vt 5.37497 -3.5 
vt 5.25 -3.5 
vt 5.37497 -3.625 
vt 5.25 -3.625 
vt 5.875 -3.5 
vt 5.25 -3.5 
vt 5.875 -3.625 
vt 5.25 -3.625 
vt 5.37497 -3.5 
vt 5.25 -3.5 
vt 5.37497 -4.125 
vt 5.25 -4.125 
vt 5.37497 -3.5 
vt 5.25 -3.5 
vt 5.37497 -3.625 
vt 5.25 -3.625 

usemtl Part1Mtl

f 949/949/949 950/950/950 951/951/951 
f 951/951/951 950/950/950 952/952/952 
f 953/953/953 954/954/954 955/955/955 
f 955/955/955 954/954/954 956/956/956 
f 957/957/957 958/958/958 959/959/959 
f 959/959/959 958/958/958 960/960/960 
f 961/961/961 962/962/962 963/963/963 
f 963/963/963 962/962/962 964/964/964 
f 965/965/965 966/966/966 967/967/967 
f 967/967/967 966/966/966 968/968/968 
f 969/969/969 970/970/970 971/971/971 
f 971/971/971 970/970/970 972/972/972 

g Part34

v -1533.98 188.372 147.273 1 1 1 1 
v -1531.71 188.372 142.818 1 1 1 1 
v -1533.98 187.372 147.273 1 1 1 1 
v -1531.71 187.372 142.818 1 1 1 1 
v -1530.81 188.372 143.272 1 1 1 1 
v -1531.71 188.372 142.818 1 1 1 1 
v -1533.08 188.372 147.727 1 1 1 1 
v -1533.98 188.372 147.273 1 1 1 1 
v -1531.71 188.372 142.818 1 1 1 1 
v -1530.81 188.372 143.272 1 1 1 1 
v -1531.71 187.372 142.818 1 1 1 1 
v -1530.81 187.372 143.272 1 1 1 1 
v -1530.81 188.372 143.272 1 1 1 1 
v -1533.08 188.372 147.727 1 1 1 1 
v -1530.81 187.372 143.272 1 1 1 1 
v -1533.08 187.372 147.727 1 1 1 1 
v -1533.08 187.372 147.727 1 1 1 1 
v -1533.98 187.372 147.273 1 1 1 1 
v -1530.81 187.372 143.272 1 1 1 1 
v -1531.71 187.372 142.818 1 1 1 1 
v -1533.08 188.372 147.727 1 1 1 1 
v -1533.98 188.372 147.273 1 1 1 1 
v -1533.08 187.372 147.727 1 1 1 1 
v -1533.98 187.372 147.273 1 1 1 1 

vn -0.889764 0 -0.456693 
vn -0.889764 0 -0.456693 
vn -0.889764 0 -0.456693 
vn -0.889764 0 -0.456693 
vn 0 1 0 
vn 0 1 0 
vn 0 1 0 
vn 0 1 0 
vn 0.456693 0 -0.889764 
vn 0.456693 0 -0.889764 
vn 0.456693 0 -0.889764 
vn 0.456693 0 -0.889764 
vn 0.889764 0 0.456693 
vn 0.889764 0 0.456693 
vn 0.889764 0 0.456693 
vn 0.889764 0 0.456693 
vn 0 -1 0 
vn 0 -1 0 
vn 0 -1 0 
vn 0 -1 0 
vn -0.456693 0 0.889764 
vn -0.456693 0 0.889764 
vn -0.456693 0 0.889764 
vn -0.456693 0 0.889764 

vt 0.625 -2.5 
vt 0 -2.5 
vt 0.625 -2.625 
vt 0 -2.625 
vt 0.124969 -2.5 
vt 0 -2.5 
vt 0.124969 -3.125 
vt 0 -3.125 
vt 0.124969 -2.5 
vt 0 -2.5 
vt 0.124969 -2.625 
vt 0 -2.625 
vt 0.625 -2.5 
vt 0 -2.5 
vt 0.625 -2.625 
vt 0 -2.625 
vt 0.124969 -2.5 
vt 0 -2.5 
vt 0.124969 -3.125 
vt 0 -3.125 
vt 0.124969 -2.5 
vt 0 -2.5 
vt 0.124969 -2.625 
vt 0 -2.625 

usemtl Part1Mtl

f 973/973/973 974/974/974 975/975/975 
f 975/975/975 974/974/974 976/976/976 
f 977/977/977 978/978/978 979/979/979 
f 979/979/979 978/978/978 980/980/980 
f 981/981/981 982/982/982 983/983/983 
f 983/983/983 982/982/982 984/984/984 
f 985/985/985 986/986/986 987/987/987 
f 987/987/987 986/986/986 988/988/988 
f 989/989/989 990/990/990 991/991/991 
f 991/991/991 990/990/990 992/992/992 
f 993/993/993 994/994/994 995/995/995 
f 995/995/995 994/994/994 996/996/996 

g Part35

v -1533.98 197.372 147.273 1 1 1 1 
v -1531.71 197.372 142.818 1 1 1 1 
v -1533.98 196.372 147.273 1 1 1 1 
v -1531.71 196.372 142.818 1 1 1 1 
v -1530.81 197.372 143.272 1 1 1 1 
v -1531.71 197.372 142.818 1 1 1 1 
v -1533.08 197.372 147.727 1 1 1 1 
v -1533.98 197.372 147.273 1 1 1 1 
v -1531.71 197.372 142.818 1 1 1 1 
v -1530.81 197.372 143.272 1 1 1 1 
v -1531.71 196.372 142.818 1 1 1 1 
v -1530.81 196.372 143.272 1 1 1 1 
v -1530.81 197.372 143.272 1 1 1 1 
v -1533.08 197.372 147.727 1 1 1 1 
v -1530.81 196.372 143.272 1 1 1 1 
v -1533.08 196.372 147.727 1 1 1 1 
v -1533.08 196.372 147.727 1 1 1 1 
v -1533.98 196.372 147.273 1 1 1 1 
v -1530.81 196.372 143.272 1 1 1 1 
v -1531.71 196.372 142.818 1 1 1 1 
v -1533.08 197.372 147.727 1 1 1 1 
v -1533.98 197.372 147.273 1 1 1 1 
v -1533.08 196.372 147.727 1 1 1 1 
v -1533.98 196.372 147.273 1 1 1 1 

vn -0.889764 0 -0.456693 
vn -0.889764 0 -0.456693 
vn -0.889764 0 -0.456693 
vn -0.889764 0 -0.456693 
vn 0 1 0 
vn 0 1 0 
vn 0 1 0 
vn 0 1 0 
vn 0.456693 0 -0.889764 
vn 0.456693 0 -0.889764 
vn 0.456693 0 -0.889764 
vn 0.456693 0 -0.889764 
vn 0.889764 0 0.456693 
vn 0.889764 0 0.456693 
vn 0.889764 0 0.456693 
vn 0.889764 0 0.456693 
vn 0 -1 0 
vn 0 -1 0 
vn 0 -1 0 
vn 0 -1 0 
vn -0.456693 0 0.889764 
vn -0.456693 0 0.889764 
vn -0.456693 0 0.889764 
vn -0.456693 0 0.889764 

vt 6.625 -3.5 
vt 6 -3.5 
vt 6.625 -3.625 
vt 6 -3.625 
vt 6.12497 -3.5 
vt 6 -3.5 
vt 6.12497 -4.125 
vt 6 -4.125 
vt 6.12497 -3.5 
vt 6 -3.5 
vt 6.12497 -3.625 
vt 6 -3.625 
vt 6.625 -3.5 
vt 6 -3.5 
vt 6.625 -3.625 
vt 6 -3.625 
vt 6.12497 -3.5 
vt 6 -3.5 
vt 6.12497 -4.125 
vt 6 -4.125 
vt 6.12497 -3.5 
vt 6 -3.5 
vt 6.12497 -3.625 
vt 6 -3.625 

usemtl Part1Mtl

f 997/997/997 998/998/998 999/999/999 
f 999/999/999 998/998/998 1000/1000/1000 
f 1001/1001/1001 1002/1002/1002 1003/1003/1003 
f 1003/1003/1003 1002/1002/1002 1004/1004/1004 
f 1005/1005/1005 1006/1006/1006 1007/1007/1007 
f 1007/1007/1007 1006/1006/1006 1008/1008/1008 
f 1009/1009/1009 1010/1010/1010 1011/1011/1011 
f 1011/1011/1011 1010/1010/1010 1012/1012/1012 
f 1013/1013/1013 1014/1014/1014 1015/1015/1015 
f 1015/1015/1015 1014/1014/1014 1016/1016/1016 
f 1017/1017/1017 1018/1018/1018 1019/1019/1019 
f 1019/1019/1019 1018/1018/1018 1020/1020/1020 

g Part36

v -1533.71 200.372 149.178 1 1 1 1 
v -1533.71 200.372 148.178 1 1 1 1 
v -1533.71 197.372 149.178 1 1 1 1 
v -1533.71 197.372 148.178 1 1 1 1 
v -1532.71 200.372 148.178 1 1 1 1 
v -1533.71 200.372 148.178 1 1 1 1 
v -1532.71 200.372 149.178 1 1 1 1 
v -1533.71 200.372 149.178 1 1 1 1 
v -1533.71 200.372 148.178 1 1 1 1 
v -1532.71 200.372 148.178 1 1 1 1 
v -1533.71 197.372 148.178 1 1 1 1 
v -1532.71 197.372 148.178 1 1 1 1 
v -1532.71 200.372 148.178 1 1 1 1 
v -1532.71 200.372 149.178 1 1 1 1 
v -1532.71 197.372 148.178 1 1 1 1 
v -1532.71 197.372 149.178 1 1 1 1 
v -1532.71 197.372 149.178 1 1 1 1 
v -1533.71 197.372 149.178 1 1 1 1 
v -1532.71 197.372 148.178 1 1 1 1 
v -1533.71 197.372 148.178 1 1 1 1 
v -1532.71 200.372 149.178 1 1 1 1 
v -1533.71 200.372 149.178 1 1 1 1 
v -1532.71 197.372 149.178 1 1 1 1 
v -1533.71 197.372 149.178 1 1 1 1 

vn -1 0 0 
vn -1 0 0 
vn -1 0 0 
vn -1 0 0 
vn 0 1 0 
vn 0 1 0 
vn 0 1 0 
vn 0 1 0 
vn 0 0 -1 
vn 0 0 -1 
vn 0 0 -1 
vn 0 0 -1 
vn 1 0 0 
vn 1 0 0 
vn 1 0 0 
vn 1 0 0 
vn 0 -1 0 
vn 0 -1 0 
vn 0 -1 0 
vn 0 -1 0 
vn 0 0 1 
vn 0 0 1 
vn 0 0 1 
vn 0 0 1 

vt 5.875 -6.5 
vt 5.75 -6.5 
vt 5.875 -6.875 
vt 5.75 -6.875 
vt 5.87497 -6.5 
vt 5.75 -6.5 
vt 5.87497 -6.625 
vt 5.75 -6.625 
vt 5.87497 -6.5 
vt 5.75 -6.5 
vt 5.87497 -6.875 
vt 5.75 -6.875 
vt 5.875 -6.5 
vt 5.75 -6.5 
vt 5.875 -6.875 
vt 5.75 -6.875 
vt 5.87497 -6.5 
vt 5.75 -6.5 
vt 5.87497 -6.625 
vt 5.75 -6.625 
vt 5.87497 -6.5 
vt 5.75 -6.5 
vt 5.87497 -6.875 
vt 5.75 -6.875 

usemtl Part1Mtl

f 1021/1021/1021 1022/1022/1022 1023/1023/1023 
f 1023/1023/1023 1022/1022/1022 1024/1024/1024 
f 1025/1025/1025 1026/1026/1026 1027/1027/1027 
f 1027/1027/1027 1026/1026/1026 1028/1028/1028 
f 1029/1029/1029 1030/1030/1030 1031/1031/1031 
f 1031/1031/1031 1030/1030/1030 1032/1032/1032 
f 1033/1033/1033 1034/1034/1034 1035/1035/1035 
f 1035/1035/1035 1034/1034/1034 1036/1036/1036 
f 1037/1037/1037 1038/1038/1038 1039/1039/1039 
f 1039/1039/1039 1038/1038/1038 1040/1040/1040 
f 1041/1041/1041 1042/1042/1042 1043/1043/1043 
f 1043/1043/1043 1042/1042/1042 1044/1044/1044 

g Part37

v -1533.71 197.372 151.178 1 1 1 1 
v -1533.71 197.372 146.178 1 1 1 1 
v -1533.71 196.372 151.178 1 1 1 1 
v -1533.71 196.372 146.178 1 1 1 1 
v -1532.71 197.372 146.178 1 1 1 1 
v -1533.71 197.372 146.178 1 1 1 1 
v -1532.71 197.372 151.178 1 1 1 1 
v -1533.71 197.372 151.178 1 1 1 1 
v -1533.71 197.372 146.178 1 1 1 1 
v -1532.71 197.372 146.178 1 1 1 1 
v -1533.71 196.372 146.178 1 1 1 1 
v -1532.71 196.372 146.178 1 1 1 1 
v -1532.71 197.372 146.178 1 1 1 1 
v -1532.71 197.372 151.178 1 1 1 1 
v -1532.71 196.372 146.178 1 1 1 1 
v -1532.71 196.372 151.178 1 1 1 1 
v -1532.71 196.372 151.178 1 1 1 1 
v -1533.71 196.372 151.178 1 1 1 1 
v -1532.71 196.372 146.178 1 1 1 1 
v -1533.71 196.372 146.178 1 1 1 1 
v -1532.71 197.372 151.178 1 1 1 1 
v -1533.71 197.372 151.178 1 1 1 1 
v -1532.71 196.372 151.178 1 1 1 1 
v -1533.71 196.372 151.178 1 1 1 1 

vn -1 0 0 
vn -1 0 0 
vn -1 0 0 
vn -1 0 0 
vn 0 1 0 
vn 0 1 0 
vn 0 1 0 
vn 0 1 0 
vn 0 0 -1 
vn 0 0 -1 
vn 0 0 -1 
vn 0 0 -1 
vn 1 0 0 
vn 1 0 0 
vn 1 0 0 
vn 1 0 0 
vn 0 -1 0 
vn 0 -1 0 
vn 0 -1 0 
vn 0 -1 0 
vn 0 0 1 
vn 0 0 1 
vn 0 0 1 
vn 0 0 1 

vt 1.625 1 
vt 1 1 
vt 1.625 0.875002 
vt 1 0.875002 
vt 1.12497 1 
vt 1 1 
vt 1.12497 0.375 
vt 1 0.375 
vt 1.12497 1 
vt 1 1 
vt 1.12497 0.875002 
vt 1 0.875002 
vt 1.625 1 
vt 1 1 
vt 1.625 0.875002 
vt 1 0.875002 
vt 1.12497 1 
vt 1 1 
vt 1.12497 0.375 
vt 1 0.375 
vt 1.12497 1 
vt 1 1 
vt 1.12497 0.875002 
vt 1 0.875002 

usemtl Part1Mtl

f 1045/1045/1045 1046/1046/1046 1047/1047/1047 
f 1047/1047/1047 1046/1046/1046 1048/1048/1048 
f 1049/1049/1049 1050/1050/1050 1051/1051/1051 
f 1051/1051/1051 1050/1050/1050 1052/1052/1052 
f 1053/1053/1053 1054/1054/1054 1055/1055/1055 
f 1055/1055/1055 1054/1054/1054 1056/1056/1056 
f 1057/1057/1057 1058/1058/1058 1059/1059/1059 
f 1059/1059/1059 1058/1058/1058 1060/1060/1060 
f 1061/1061/1061 1062/1062/1062 1063/1063/1063 
f 1063/1063/1063 1062/1062/1062 1064/1064/1064 
f 1065/1065/1065 1066/1066/1066 1067/1067/1067 
f 1067/1067/1067 1066/1066/1066 1068/1068/1068 

